{
  "train": {
    "closs": 4.298023264659078,
    "dloss": 0.271144090514434,
    "dom_acc": 0.3840460526315789
  },
  "valid": {
    "closs": 0.0,
    "dloss": 0.15599451959133148,
    "acc": 0.5282738123621259,
    "mcc": 0.277,
    "tpr": 0.359,
    "tnr": 0.359,
    "ppv": 0.448,
    "npv": 0.448
  },
  "test": {
    "closs": 0.0,
    "dloss": 0.15599451959133148,
    "acc": 0.5788690490382058,
    "mcc": 0.334,
    "tpr": 0.388,
    "tnr": 0.388,
    "ppv": 0.457,
    "npv": 0.457
  },
  "timing": {
    "deep_train_s": 21.056173973949626,
    "classifier_fit_s": 0.5918891669716686,
    "eval_s": 3.646318723913282,
    "prototypes_s": 0.01178874191828072,
    "loader_refresh_s": 0.970462067052722,
    "logging_s": 0.00019138911738991737
  },
  "final": {
    "best_mcc": 0.487,
    "best_acc": 0.6569940490382058,
    "best_closs": 3.8352848291397095,
    "duration_seconds": 1249.543799,
    "batch": {
      "batch_entropy": 0.08038952015065655,
      "batch_entropy_loss": 0.9196104798493434,
      "batch_acc_loss": 0.9528985507246377,
      "batch_mcc_loss": 0.9255688472007688,
      "batch_nmi": 0.8062143461906055,
      "batch_ari": 0.8832650481039477,
      "batch_ami": 0.8057208093529642,
      "batch_silhouette": 0.10308883339166641
    }
  },
  "step": 40
}