artifact_id,task,model_name,dataset_path,nsize,fgsm,n_calibration,classif_loss,dloss,prototypes,npos,nneg,prototype_strategy,prototype_components,normalize,dist_fct,n_neighbors,model_dir,model_path,prototypes_path,train_encodings_path,valid_encodings_path,test_encodings_path,run_log_path,is_best,notes,mcc,valid_mcc,train_mcc,test_mcc,all_mcc,valid_accuracy,train_auc,valid_auc,test_auc,all_auc,ece,brier,best_head_config,best_head_name,best_head_family,best_head_n_aug,head_config,head_name,head_family,head_n_aug,train_datasets,valid_dataset,test_dataset,split_config_key
21a8b3eb58ca,notNormal,resnet18,otite_ds_64/USA_Turquie_Chili_GMFUNL_inference,224,0,4,hinge,no,no,1,1,mean,1,no,none,0,logs/best_models/notNormal/resnet18/otite_ds_64/USA_Turquie_Chili_GMFUNL_inference/nsize224/fgsm0/ncal4/hinge/no/prototypes_no/npos1/nneg1/protoagg_mean_1/normno/dist_none/knn0,logs/best_models/notNormal/resnet18/otite_ds_64/USA_Turquie_Chili_GMFUNL_inference/nsize224/fgsm0/ncal4/hinge/no/prototypes_no/npos1/nneg1/protoagg_mean_1/normno/dist_none/knn0/model.pth,logs/best_models/notNormal/resnet18/otite_ds_64/USA_Turquie_Chili_GMFUNL_inference/nsize224/fgsm0/ncal4/hinge/no/prototypes_no/npos1/nneg1/protoagg_mean_1/normno/dist_none/knn0/prototypes.pkl,logs/best_models/notNormal/resnet18/otite_ds_64/USA_Turquie_Chili_GMFUNL_inference/nsize224/fgsm0/ncal4/hinge/no/prototypes_no/npos1/nneg1/protoagg_mean_1/normno/dist_none/knn0/train_encodings.npz,logs/best_models/notNormal/resnet18/otite_ds_64/USA_Turquie_Chili_GMFUNL_inference/nsize224/fgsm0/ncal4/hinge/no/prototypes_no/npos1/nneg1/protoagg_mean_1/normno/dist_none/knn0/valid_encodings.npz,logs/best_models/notNormal/resnet18/otite_ds_64/USA_Turquie_Chili_GMFUNL_inference/nsize224/fgsm0/ncal4/hinge/no/prototypes_no/npos1/nneg1/protoagg_mean_1/normno/dist_none/knn0/test_encodings.npz,logs/notNormal/c0bb32c7-4629-45b8-a6ed-badb478c99be,yes,,0.6411764705882353,0.6411764705882353,0.8004249040921414,0.4815713303308872,0.7999025178570875,0.9016393442622951,0.9045694379907955,0.8235294117647058,0.8,0.9039541702426845,0.02084226628441288,0.17824047440884797,protot_kmeans_4,Prototype: KMEANS (n_comp=4),kmeans,2,protot_kmeans_4,Prototype: KMEANS (n_comp=4),kmeans,2,"Banque_Calaman_USA_2020_trie_CM,Banque_Comert_Turquie_2020_jpg,Banque_Viscaino_Chili_2020,GMFUNL_jan2023,inference",inference,inference,"Banque_Calaman_USA_2020_trie_CM,Banque_Comert_Turquie_2020_jpg,Banque_Viscaino_Chili_2020,GMFUNL_jan2023,inference|inference|inference"
319c377a1570,otitis_four_class,resnet18,otite_ds_64/USA_Turquie_Chili_GMFUNL,224,0,0,arcface,inverseTriplet,batch,1,1,mean,1,yes,cosine,2,logs/best_models/otitis_four_class/resnet18/otite_ds_64/USA_Turquie_Chili_GMFUNL/nsize224/fgsm0/ncal0/arcface/inverseTriplet/prototypes_batch/npos1/nneg1/protoagg_mean_1/normyes/dist_cosine/knn2,logs/best_models/otitis_four_class/resnet18/otite_ds_64/USA_Turquie_Chili_GMFUNL/nsize224/fgsm0/ncal0/arcface/inverseTriplet/prototypes_batch/npos1/nneg1/protoagg_mean_1/normyes/dist_cosine/knn2/model.pth,logs/best_models/otitis_four_class/resnet18/otite_ds_64/USA_Turquie_Chili_GMFUNL/nsize224/fgsm0/ncal0/arcface/inverseTriplet/prototypes_batch/npos1/nneg1/protoagg_mean_1/normyes/dist_cosine/knn2/prototypes.pkl,logs/best_models/otitis_four_class/resnet18/otite_ds_64/USA_Turquie_Chili_GMFUNL/nsize224/fgsm0/ncal0/arcface/inverseTriplet/prototypes_batch/npos1/nneg1/protoagg_mean_1/normyes/dist_cosine/knn2/train_encodings.npz,logs/best_models/otitis_four_class/resnet18/otite_ds_64/USA_Turquie_Chili_GMFUNL/nsize224/fgsm0/ncal0/arcface/inverseTriplet/prototypes_batch/npos1/nneg1/protoagg_mean_1/normyes/dist_cosine/knn2/valid_encodings.npz,logs/best_models/otitis_four_class/resnet18/otite_ds_64/USA_Turquie_Chili_GMFUNL/nsize224/fgsm0/ncal0/arcface/inverseTriplet/prototypes_batch/npos1/nneg1/protoagg_mean_1/normyes/dist_cosine/knn2/test_encodings.npz,,yes,,0.4640954808922571,0.4640954808922571,0.6790196085734902,0.262431940540739,0.6743044296736455,0.8333333333333334,0.7119788599626571,0.7404958677685951,0.7474747474747474,0.7096815243359629,0.16666666666666663,0.3333333333333329,baseline_qda,Quadratic Discriminant,qda,0,baseline_qda,Quadratic Discriminant,qda,0,"Banque_Calaman_USA_2020_trie_CM,Banque_Comert_Turquie_2020_jpg,Banque_Viscaino_Chili_2020,GMFUNL_jan2023,inference",inference,inference,"Banque_Calaman_USA_2020_trie_CM,Banque_Comert_Turquie_2020_jpg,Banque_Viscaino_Chili_2020,GMFUNL_jan2023,inference|inference|inference"
5970c5c81c3c,otitis_four_class,resnet18,otite_ds_64/USA_Turquie_Chili_GMFUNL,224,0,0,arcface,inverseTriplet,batch,1,1,mean,1,yes,euclidean,1,logs/best_models/otitis_four_class/resnet18/otite_ds_64/USA_Turquie_Chili_GMFUNL/nsize224/fgsm0/ncal0/arcface/inverseTriplet/prototypes_batch/npos1/nneg1/protoagg_mean_1/normyes/dist_euclidean/knn1,logs/best_models/otitis_four_class/resnet18/otite_ds_64/USA_Turquie_Chili_GMFUNL/nsize224/fgsm0/ncal0/arcface/inverseTriplet/prototypes_batch/npos1/nneg1/protoagg_mean_1/normyes/dist_euclidean/knn1/model.pth,logs/best_models/otitis_four_class/resnet18/otite_ds_64/USA_Turquie_Chili_GMFUNL/nsize224/fgsm0/ncal0/arcface/inverseTriplet/prototypes_batch/npos1/nneg1/protoagg_mean_1/normyes/dist_euclidean/knn1/prototypes.pkl,logs/best_models/otitis_four_class/resnet18/otite_ds_64/USA_Turquie_Chili_GMFUNL/nsize224/fgsm0/ncal0/arcface/inverseTriplet/prototypes_batch/npos1/nneg1/protoagg_mean_1/normyes/dist_euclidean/knn1/train_encodings.npz,logs/best_models/otitis_four_class/resnet18/otite_ds_64/USA_Turquie_Chili_GMFUNL/nsize224/fgsm0/ncal0/arcface/inverseTriplet/prototypes_batch/npos1/nneg1/protoagg_mean_1/normyes/dist_euclidean/knn1/valid_encodings.npz,logs/best_models/otitis_four_class/resnet18/otite_ds_64/USA_Turquie_Chili_GMFUNL/nsize224/fgsm0/ncal0/arcface/inverseTriplet/prototypes_batch/npos1/nneg1/protoagg_mean_1/normyes/dist_euclidean/knn1/test_encodings.npz,logs/otitis_four_class/a9336ff4-d4be-4b88-8b35-36eb060ea346,yes,,0.6897979292329923,0.6897979292329923,0.8911933769783165,0.06262242910851495,0.8875518425628173,0.9180327868852459,0.9898004168148279,0.8049019607843136,0.801,0.9884444094608158,0.17110655737704916,0.21657274590163936,16,KNN (k=16),knn,2,16,KNN (k=16),knn,2,"Banque_Calaman_USA_2020_trie_CM,Banque_Comert_Turquie_2020_jpg,Banque_Viscaino_Chili_2020,GMFUNL_jan2023,inference",inference,inference,"Banque_Calaman_USA_2020_trie_CM,Banque_Comert_Turquie_2020_jpg,Banque_Viscaino_Chili_2020,GMFUNL_jan2023,inference|inference|inference"
50dd2fd7ceec,otitis_four_class,resnet18,otite_ds_64/USA_Turquie_Chili_GMFUNL,224,0,0,arcface,inverseTriplet,class,1,1,mean,1,yes,cosine,2,logs/best_models/otitis_four_class/resnet18/otite_ds_64/USA_Turquie_Chili_GMFUNL/nsize224/fgsm0/ncal0/arcface/inverseTriplet/prototypes_class/npos1/nneg1/protoagg_mean_1/normyes/dist_cosine/knn2,logs/best_models/otitis_four_class/resnet18/otite_ds_64/USA_Turquie_Chili_GMFUNL/nsize224/fgsm0/ncal0/arcface/inverseTriplet/prototypes_class/npos1/nneg1/protoagg_mean_1/normyes/dist_cosine/knn2/model.pth,logs/best_models/otitis_four_class/resnet18/otite_ds_64/USA_Turquie_Chili_GMFUNL/nsize224/fgsm0/ncal0/arcface/inverseTriplet/prototypes_class/npos1/nneg1/protoagg_mean_1/normyes/dist_cosine/knn2/prototypes.pkl,logs/best_models/otitis_four_class/resnet18/otite_ds_64/USA_Turquie_Chili_GMFUNL/nsize224/fgsm0/ncal0/arcface/inverseTriplet/prototypes_class/npos1/nneg1/protoagg_mean_1/normyes/dist_cosine/knn2/train_encodings.npz,logs/best_models/otitis_four_class/resnet18/otite_ds_64/USA_Turquie_Chili_GMFUNL/nsize224/fgsm0/ncal0/arcface/inverseTriplet/prototypes_class/npos1/nneg1/protoagg_mean_1/normyes/dist_cosine/knn2/valid_encodings.npz,logs/best_models/otitis_four_class/resnet18/otite_ds_64/USA_Turquie_Chili_GMFUNL/nsize224/fgsm0/ncal0/arcface/inverseTriplet/prototypes_class/npos1/nneg1/protoagg_mean_1/normyes/dist_cosine/knn2/test_encodings.npz,logs/otitis_four_class/2a7535e1-a696-4ee9-b069-2cb9787b5bf5,yes,,0.4640954808922571,0.4640954808922571,0.6790196085734902,0.262431940540739,0.6743044296736455,0.8333333333333334,0.7119788599626571,0.7404958677685951,0.7474747474747474,0.7096815243359629,0.16666666666666663,0.3333333333333329,baseline_qda,Quadratic Discriminant,qda,0,baseline_qda,Quadratic Discriminant,qda,0,"Banque_Calaman_USA_2020_trie_CM,Banque_Comert_Turquie_2020_jpg,Banque_Viscaino_Chili_2020,GMFUNL_jan2023,inference",inference,inference,"Banque_Calaman_USA_2020_trie_CM,Banque_Comert_Turquie_2020_jpg,Banque_Viscaino_Chili_2020,GMFUNL_jan2023,inference|inference|inference"
48fe50e485f2,otitis_four_class,resnet18,otite_ds_64/USA_Turquie_Chili_GMFUNL,224,0,0,arcface,inverseTriplet,no,1,1,mean,1,yes,cosine,1,logs/best_models/otitis_four_class/resnet18/otite_ds_64/USA_Turquie_Chili_GMFUNL/nsize224/fgsm0/ncal0/arcface/inverseTriplet/prototypes_no/npos1/nneg1/protoagg_mean_1/normyes/dist_cosine/knn1,logs/best_models/otitis_four_class/resnet18/otite_ds_64/USA_Turquie_Chili_GMFUNL/nsize224/fgsm0/ncal0/arcface/inverseTriplet/prototypes_no/npos1/nneg1/protoagg_mean_1/normyes/dist_cosine/knn1/model.pth,logs/best_models/otitis_four_class/resnet18/otite_ds_64/USA_Turquie_Chili_GMFUNL/nsize224/fgsm0/ncal0/arcface/inverseTriplet/prototypes_no/npos1/nneg1/protoagg_mean_1/normyes/dist_cosine/knn1/prototypes.pkl,logs/best_models/otitis_four_class/resnet18/otite_ds_64/USA_Turquie_Chili_GMFUNL/nsize224/fgsm0/ncal0/arcface/inverseTriplet/prototypes_no/npos1/nneg1/protoagg_mean_1/normyes/dist_cosine/knn1/train_encodings.npz,logs/best_models/otitis_four_class/resnet18/otite_ds_64/USA_Turquie_Chili_GMFUNL/nsize224/fgsm0/ncal0/arcface/inverseTriplet/prototypes_no/npos1/nneg1/protoagg_mean_1/normyes/dist_cosine/knn1/valid_encodings.npz,logs/best_models/otitis_four_class/resnet18/otite_ds_64/USA_Turquie_Chili_GMFUNL/nsize224/fgsm0/ncal0/arcface/inverseTriplet/prototypes_no/npos1/nneg1/protoagg_mean_1/normyes/dist_cosine/knn1/test_encodings.npz,,yes,,0.6897979292329923,0.6897979292329923,0.8911933769783165,0.06262242910851495,0.8875518425628173,0.9180327868852459,0.9898004168148279,0.8049019607843136,0.801,0.9884444094608158,0.17110655737704916,0.21657274590163936,16,KNN (k=16),knn,2,16,KNN (k=16),knn,2,"Banque_Calaman_USA_2020_trie_CM,Banque_Comert_Turquie_2020_jpg,Banque_Viscaino_Chili_2020,GMFUNL_jan2023,inference",inference,inference,"Banque_Calaman_USA_2020_trie_CM,Banque_Comert_Turquie_2020_jpg,Banque_Viscaino_Chili_2020,GMFUNL_jan2023,inference|inference|inference"
7f0e9e382d84,otitis_four_class,resnet18,otite_ds_64/USA_Turquie_Chili_GMFUNL,224,0,0,arcface,inverseTriplet,no,1,1,mean,1,yes,cosine,7,logs/best_models/otitis_four_class/resnet18/otite_ds_64/USA_Turquie_Chili_GMFUNL/nsize224/fgsm0/ncal0/arcface/inverseTriplet/prototypes_no/npos1/nneg1/protoagg_mean_1/normyes/dist_cosine/knn7,logs/best_models/otitis_four_class/resnet18/otite_ds_64/USA_Turquie_Chili_GMFUNL/nsize224/fgsm0/ncal0/arcface/inverseTriplet/prototypes_no/npos1/nneg1/protoagg_mean_1/normyes/dist_cosine/knn7/model.pth,logs/best_models/otitis_four_class/resnet18/otite_ds_64/USA_Turquie_Chili_GMFUNL/nsize224/fgsm0/ncal0/arcface/inverseTriplet/prototypes_no/npos1/nneg1/protoagg_mean_1/normyes/dist_cosine/knn7/prototypes.pkl,logs/best_models/otitis_four_class/resnet18/otite_ds_64/USA_Turquie_Chili_GMFUNL/nsize224/fgsm0/ncal0/arcface/inverseTriplet/prototypes_no/npos1/nneg1/protoagg_mean_1/normyes/dist_cosine/knn7/train_encodings.npz,logs/best_models/otitis_four_class/resnet18/otite_ds_64/USA_Turquie_Chili_GMFUNL/nsize224/fgsm0/ncal0/arcface/inverseTriplet/prototypes_no/npos1/nneg1/protoagg_mean_1/normyes/dist_cosine/knn7/valid_encodings.npz,logs/best_models/otitis_four_class/resnet18/otite_ds_64/USA_Turquie_Chili_GMFUNL/nsize224/fgsm0/ncal0/arcface/inverseTriplet/prototypes_no/npos1/nneg1/protoagg_mean_1/normyes/dist_cosine/knn7/test_encodings.npz,,yes,,0.5134236249100267,0.5134236249100267,0.9858599067410467,0.17766726362967536,0.9837228253380726,0.8787878787878788,0.99980573070613,0.737190082644628,0.6860269360269361,0.9991701510200958,0.12626262626262627,0.24579124579124578,3,KNN (k=3),knn,5,3,KNN (k=3),knn,5,"Banque_Calaman_USA_2020_trie_CM,Banque_Comert_Turquie_2020_jpg,Banque_Viscaino_Chili_2020,GMFUNL_jan2023,inference",inference,inference,"Banque_Calaman_USA_2020_trie_CM,Banque_Comert_Turquie_2020_jpg,Banque_Viscaino_Chili_2020,GMFUNL_jan2023,inference|inference|inference"
c87c7f2543ee,otitis_four_class,resnet18,otite_ds_64/USA_Turquie_Chili_GMFUNL,224,0,0,arcface,no,class,1,1,mean,1,yes,none,1,logs/best_models/otitis_four_class/resnet18/otite_ds_64/USA_Turquie_Chili_GMFUNL/nsize224/fgsm0/ncal0/arcface/no/prototypes_class/npos1/nneg1/protoagg_mean_1/normyes/dist_none/knn1,logs/best_models/otitis_four_class/resnet18/otite_ds_64/USA_Turquie_Chili_GMFUNL/nsize224/fgsm0/ncal0/arcface/no/prototypes_class/npos1/nneg1/protoagg_mean_1/normyes/dist_none/knn1/model.pth,logs/best_models/otitis_four_class/resnet18/otite_ds_64/USA_Turquie_Chili_GMFUNL/nsize224/fgsm0/ncal0/arcface/no/prototypes_class/npos1/nneg1/protoagg_mean_1/normyes/dist_none/knn1/prototypes.pkl,logs/best_models/otitis_four_class/resnet18/otite_ds_64/USA_Turquie_Chili_GMFUNL/nsize224/fgsm0/ncal0/arcface/no/prototypes_class/npos1/nneg1/protoagg_mean_1/normyes/dist_none/knn1/train_encodings.npz,logs/best_models/otitis_four_class/resnet18/otite_ds_64/USA_Turquie_Chili_GMFUNL/nsize224/fgsm0/ncal0/arcface/no/prototypes_class/npos1/nneg1/protoagg_mean_1/normyes/dist_none/knn1/valid_encodings.npz,logs/best_models/otitis_four_class/resnet18/otite_ds_64/USA_Turquie_Chili_GMFUNL/nsize224/fgsm0/ncal0/arcface/no/prototypes_class/npos1/nneg1/protoagg_mean_1/normyes/dist_none/knn1/test_encodings.npz,logs/otitis_four_class/48a03caa-2050-4290-aaea-1419fbd6c114,yes,,0.6897979292329923,0.6897979292329923,0.8911933769783165,0.06262242910851495,0.8875518425628173,0.9180327868852459,0.9898004168148279,0.8049019607843136,0.801,0.9884444094608158,0.17110655737704916,0.21657274590163936,16,KNN (k=16),knn,2,16,KNN (k=16),knn,2,"Banque_Calaman_USA_2020_trie_CM,Banque_Comert_Turquie_2020_jpg,Banque_Viscaino_Chili_2020,GMFUNL_jan2023,inference",inference,inference,"Banque_Calaman_USA_2020_trie_CM,Banque_Comert_Turquie_2020_jpg,Banque_Viscaino_Chili_2020,GMFUNL_jan2023,inference|inference|inference"
ecdd12a55496,otitis_four_class,resnet18,otite_ds_64/USA_Turquie_Chili_GMFUNL,224,0,0,arcface,no,class,1,1,mean,1,yes,none,8,logs/best_models/otitis_four_class/resnet18/otite_ds_64/USA_Turquie_Chili_GMFUNL/nsize224/fgsm0/ncal0/arcface/no/prototypes_class/npos1/nneg1/protoagg_mean_1/normyes/dist_none/knn8,logs/best_models/otitis_four_class/resnet18/otite_ds_64/USA_Turquie_Chili_GMFUNL/nsize224/fgsm0/ncal0/arcface/no/prototypes_class/npos1/nneg1/protoagg_mean_1/normyes/dist_none/knn8/model.pth,logs/best_models/otitis_four_class/resnet18/otite_ds_64/USA_Turquie_Chili_GMFUNL/nsize224/fgsm0/ncal0/arcface/no/prototypes_class/npos1/nneg1/protoagg_mean_1/normyes/dist_none/knn8/prototypes.pkl,logs/best_models/otitis_four_class/resnet18/otite_ds_64/USA_Turquie_Chili_GMFUNL/nsize224/fgsm0/ncal0/arcface/no/prototypes_class/npos1/nneg1/protoagg_mean_1/normyes/dist_none/knn8/train_encodings.npz,logs/best_models/otitis_four_class/resnet18/otite_ds_64/USA_Turquie_Chili_GMFUNL/nsize224/fgsm0/ncal0/arcface/no/prototypes_class/npos1/nneg1/protoagg_mean_1/normyes/dist_none/knn8/valid_encodings.npz,logs/best_models/otitis_four_class/resnet18/otite_ds_64/USA_Turquie_Chili_GMFUNL/nsize224/fgsm0/ncal0/arcface/no/prototypes_class/npos1/nneg1/protoagg_mean_1/normyes/dist_none/knn8/test_encodings.npz,logs/otitis_four_class/99790aee-5fa6-47a1-9e0e-23f8c09f570d,yes,,,,,,,,,,,,,,,,,,,,,,,,,
312aca877b64,otitis_four_class,resnet18,otite_ds_64/USA_Turquie_Chili_GMFUNL,224,0,0,arcface,no,no,1,1,mean,1,yes,none,3,logs/best_models/otitis_four_class/resnet18/otite_ds_64/USA_Turquie_Chili_GMFUNL/nsize224/fgsm0/ncal0/arcface/no/prototypes_no/npos1/nneg1/protoagg_mean_1/normyes/dist_none/knn3,logs/best_models/otitis_four_class/resnet18/otite_ds_64/USA_Turquie_Chili_GMFUNL/nsize224/fgsm0/ncal0/arcface/no/prototypes_no/npos1/nneg1/protoagg_mean_1/normyes/dist_none/knn3/model.pth,logs/best_models/otitis_four_class/resnet18/otite_ds_64/USA_Turquie_Chili_GMFUNL/nsize224/fgsm0/ncal0/arcface/no/prototypes_no/npos1/nneg1/protoagg_mean_1/normyes/dist_none/knn3/prototypes.pkl,logs/best_models/otitis_four_class/resnet18/otite_ds_64/USA_Turquie_Chili_GMFUNL/nsize224/fgsm0/ncal0/arcface/no/prototypes_no/npos1/nneg1/protoagg_mean_1/normyes/dist_none/knn3/train_encodings.npz,logs/best_models/otitis_four_class/resnet18/otite_ds_64/USA_Turquie_Chili_GMFUNL/nsize224/fgsm0/ncal0/arcface/no/prototypes_no/npos1/nneg1/protoagg_mean_1/normyes/dist_none/knn3/valid_encodings.npz,logs/best_models/otitis_four_class/resnet18/otite_ds_64/USA_Turquie_Chili_GMFUNL/nsize224/fgsm0/ncal0/arcface/no/prototypes_no/npos1/nneg1/protoagg_mean_1/normyes/dist_none/knn3/test_encodings.npz,logs/otitis_four_class/297f5e59-277b-4b75-9881-18e789cb3a5a,yes,,0.5004345937369794,0.5004345937369794,0.7689209453734154,0.4131510488465008,0.7657701697886686,0.7878787878787878,0.9703828774218771,0.8644628099173552,0.8434343434343435,0.9689965727061345,0.23821548821548819,0.4511784511784512,18,KNN (k=18),knn,2,18,KNN (k=18),knn,2,"Banque_Calaman_USA_2020_trie_CM,Banque_Comert_Turquie_2020_jpg,Banque_Viscaino_Chili_2020,GMFUNL_jan2023",inference,inference,"Banque_Calaman_USA_2020_trie_CM,Banque_Comert_Turquie_2020_jpg,Banque_Viscaino_Chili_2020,GMFUNL_jan2023|inference|inference"
56196b0565ab,otitis_four_class,resnet18,otite_ds_64/USA_Turquie_Chili_GMFUNL,224,0,0,ce,inverseTriplet,no,1,1,mean,1,yes,cosine,1,logs/best_models/otitis_four_class/resnet18/otite_ds_64/USA_Turquie_Chili_GMFUNL/nsize224/fgsm0/ncal0/ce/inverseTriplet/prototypes_no/npos1/nneg1/protoagg_mean_1/normyes/dist_cosine/knn1,logs/best_models/otitis_four_class/resnet18/otite_ds_64/USA_Turquie_Chili_GMFUNL/nsize224/fgsm0/ncal0/ce/inverseTriplet/prototypes_no/npos1/nneg1/protoagg_mean_1/normyes/dist_cosine/knn1/model.pth,logs/best_models/otitis_four_class/resnet18/otite_ds_64/USA_Turquie_Chili_GMFUNL/nsize224/fgsm0/ncal0/ce/inverseTriplet/prototypes_no/npos1/nneg1/protoagg_mean_1/normyes/dist_cosine/knn1/prototypes.pkl,logs/best_models/otitis_four_class/resnet18/otite_ds_64/USA_Turquie_Chili_GMFUNL/nsize224/fgsm0/ncal0/ce/inverseTriplet/prototypes_no/npos1/nneg1/protoagg_mean_1/normyes/dist_cosine/knn1/train_encodings.npz,logs/best_models/otitis_four_class/resnet18/otite_ds_64/USA_Turquie_Chili_GMFUNL/nsize224/fgsm0/ncal0/ce/inverseTriplet/prototypes_no/npos1/nneg1/protoagg_mean_1/normyes/dist_cosine/knn1/valid_encodings.npz,logs/best_models/otitis_four_class/resnet18/otite_ds_64/USA_Turquie_Chili_GMFUNL/nsize224/fgsm0/ncal0/ce/inverseTriplet/prototypes_no/npos1/nneg1/protoagg_mean_1/normyes/dist_cosine/knn1/test_encodings.npz,logs/otitis_four_class/701a7822-f996-486c-b313-e901739f38e7,yes,,0.6897979292329923,0.6897979292329923,0.8911933769783165,0.06262242910851495,0.8875518425628173,0.9180327868852459,0.9898004168148279,0.8049019607843136,0.801,0.9884444094608158,0.17110655737704916,0.21657274590163936,16,KNN (k=16),knn,2,16,KNN (k=16),knn,2,"Banque_Calaman_USA_2020_trie_CM,Banque_Comert_Turquie_2020_jpg,Banque_Viscaino_Chili_2020,GMFUNL_jan2023,inference",inference,inference,"Banque_Calaman_USA_2020_trie_CM,Banque_Comert_Turquie_2020_jpg,Banque_Viscaino_Chili_2020,GMFUNL_jan2023,inference|inference|inference"
bf7bad30942a,otitis_four_class,resnet18,otite_ds_64/USA_Turquie_Chili_GMFUNL,224,0,0,ce,inverseTriplet,no,1,1,mean,1,yes,cosine,7,logs/best_models/otitis_four_class/resnet18/otite_ds_64/USA_Turquie_Chili_GMFUNL/nsize224/fgsm0/ncal0/ce/inverseTriplet/prototypes_no/npos1/nneg1/protoagg_mean_1/normyes/dist_cosine/knn7,logs/best_models/otitis_four_class/resnet18/otite_ds_64/USA_Turquie_Chili_GMFUNL/nsize224/fgsm0/ncal0/ce/inverseTriplet/prototypes_no/npos1/nneg1/protoagg_mean_1/normyes/dist_cosine/knn7/model.pth,logs/best_models/otitis_four_class/resnet18/otite_ds_64/USA_Turquie_Chili_GMFUNL/nsize224/fgsm0/ncal0/ce/inverseTriplet/prototypes_no/npos1/nneg1/protoagg_mean_1/normyes/dist_cosine/knn7/prototypes.pkl,logs/best_models/otitis_four_class/resnet18/otite_ds_64/USA_Turquie_Chili_GMFUNL/nsize224/fgsm0/ncal0/ce/inverseTriplet/prototypes_no/npos1/nneg1/protoagg_mean_1/normyes/dist_cosine/knn7/train_encodings.npz,logs/best_models/otitis_four_class/resnet18/otite_ds_64/USA_Turquie_Chili_GMFUNL/nsize224/fgsm0/ncal0/ce/inverseTriplet/prototypes_no/npos1/nneg1/protoagg_mean_1/normyes/dist_cosine/knn7/valid_encodings.npz,logs/best_models/otitis_four_class/resnet18/otite_ds_64/USA_Turquie_Chili_GMFUNL/nsize224/fgsm0/ncal0/ce/inverseTriplet/prototypes_no/npos1/nneg1/protoagg_mean_1/normyes/dist_cosine/knn7/test_encodings.npz,logs/otitis_four_class/fe05152f-501d-474f-91dc-bdae0618da9d,yes,,0.5134236249100267,0.5134236249100267,0.9858599067410467,0.17766726362967536,0.9837228253380726,0.8787878787878788,0.99980573070613,0.737190082644628,0.6860269360269361,0.9991701510200958,0.12626262626262627,0.24579124579124578,3,KNN (k=3),knn,5,3,KNN (k=3),knn,5,"Banque_Calaman_USA_2020_trie_CM,Banque_Comert_Turquie_2020_jpg,Banque_Viscaino_Chili_2020,GMFUNL_jan2023,inference",inference,inference,"Banque_Calaman_USA_2020_trie_CM,Banque_Comert_Turquie_2020_jpg,Banque_Viscaino_Chili_2020,GMFUNL_jan2023,inference|inference|inference"
64ba819cdc08,otitis_four_class,resnet18,otite_ds_64/USA_Turquie_Chili_GMFUNL,224,0,0,ce,no,no,1,1,mean,1,yes,none,0,logs/best_models/otitis_four_class/resnet18/otite_ds_64/USA_Turquie_Chili_GMFUNL/nsize224/fgsm0/ncal0/ce/no/prototypes_no/npos1/nneg1/protoagg_mean_1/normyes/dist_none/knn0,logs/best_models/otitis_four_class/resnet18/otite_ds_64/USA_Turquie_Chili_GMFUNL/nsize224/fgsm0/ncal0/ce/no/prototypes_no/npos1/nneg1/protoagg_mean_1/normyes/dist_none/knn0/model.pth,logs/best_models/otitis_four_class/resnet18/otite_ds_64/USA_Turquie_Chili_GMFUNL/nsize224/fgsm0/ncal0/ce/no/prototypes_no/npos1/nneg1/protoagg_mean_1/normyes/dist_none/knn0/prototypes.pkl,logs/best_models/otitis_four_class/resnet18/otite_ds_64/USA_Turquie_Chili_GMFUNL/nsize224/fgsm0/ncal0/ce/no/prototypes_no/npos1/nneg1/protoagg_mean_1/normyes/dist_none/knn0/train_encodings.npz,logs/best_models/otitis_four_class/resnet18/otite_ds_64/USA_Turquie_Chili_GMFUNL/nsize224/fgsm0/ncal0/ce/no/prototypes_no/npos1/nneg1/protoagg_mean_1/normyes/dist_none/knn0/valid_encodings.npz,logs/best_models/otitis_four_class/resnet18/otite_ds_64/USA_Turquie_Chili_GMFUNL/nsize224/fgsm0/ncal0/ce/no/prototypes_no/npos1/nneg1/protoagg_mean_1/normyes/dist_none/knn0/test_encodings.npz,logs/otitis_four_class/392f764c-0e5e-4dd2-9bcb-c3232c70a0ba,yes,,0.6411764705882353,0.6411764705882353,0.8004249040921414,0.4815713303308872,0.7999025178570875,0.9016393442622951,0.9045694379907955,0.8235294117647058,0.8,0.9039541702426845,0.02084226628441288,0.17824047440884797,protot_kmeans_4,Prototype: KMEANS (n_comp=4),kmeans,2,protot_kmeans_4,Prototype: KMEANS (n_comp=4),kmeans,2,"Banque_Calaman_USA_2020_trie_CM,Banque_Comert_Turquie_2020_jpg,Banque_Viscaino_Chili_2020,GMFUNL_jan2023,inference",inference,inference,"Banque_Calaman_USA_2020_trie_CM,Banque_Comert_Turquie_2020_jpg,Banque_Viscaino_Chili_2020,GMFUNL_jan2023,inference|inference|inference"
840f48c4ebb4,otitis_four_class,resnet18,otite_ds_64/USA_Turquie_Chili_GMFUNL,224,0,0,hinge,inverseTriplet,no,1,1,mean,1,yes,cosine,7,logs/best_models/otitis_four_class/resnet18/otite_ds_64/USA_Turquie_Chili_GMFUNL/nsize224/fgsm0/ncal0/hinge/inverseTriplet/prototypes_no/npos1/nneg1/protoagg_mean_1/normyes/dist_cosine/knn7,logs/best_models/otitis_four_class/resnet18/otite_ds_64/USA_Turquie_Chili_GMFUNL/nsize224/fgsm0/ncal0/hinge/inverseTriplet/prototypes_no/npos1/nneg1/protoagg_mean_1/normyes/dist_cosine/knn7/model.pth,logs/best_models/otitis_four_class/resnet18/otite_ds_64/USA_Turquie_Chili_GMFUNL/nsize224/fgsm0/ncal0/hinge/inverseTriplet/prototypes_no/npos1/nneg1/protoagg_mean_1/normyes/dist_cosine/knn7/prototypes.pkl,logs/best_models/otitis_four_class/resnet18/otite_ds_64/USA_Turquie_Chili_GMFUNL/nsize224/fgsm0/ncal0/hinge/inverseTriplet/prototypes_no/npos1/nneg1/protoagg_mean_1/normyes/dist_cosine/knn7/train_encodings.npz,logs/best_models/otitis_four_class/resnet18/otite_ds_64/USA_Turquie_Chili_GMFUNL/nsize224/fgsm0/ncal0/hinge/inverseTriplet/prototypes_no/npos1/nneg1/protoagg_mean_1/normyes/dist_cosine/knn7/valid_encodings.npz,logs/best_models/otitis_four_class/resnet18/otite_ds_64/USA_Turquie_Chili_GMFUNL/nsize224/fgsm0/ncal0/hinge/inverseTriplet/prototypes_no/npos1/nneg1/protoagg_mean_1/normyes/dist_cosine/knn7/test_encodings.npz,,yes,,0.5134236249100267,0.5134236249100267,0.9858599067410467,0.17766726362967536,0.9837228253380726,0.8787878787878788,0.99980573070613,0.737190082644628,0.6860269360269361,0.9991701510200958,0.12626262626262627,0.24579124579124578,3,KNN (k=3),knn,5,3,KNN (k=3),knn,5,"Banque_Calaman_USA_2020_trie_CM,Banque_Comert_Turquie_2020_jpg,Banque_Viscaino_Chili_2020,GMFUNL_jan2023,inference",inference,inference,"Banque_Calaman_USA_2020_trie_CM,Banque_Comert_Turquie_2020_jpg,Banque_Viscaino_Chili_2020,GMFUNL_jan2023,inference|inference|inference"
1ecc8b519210,otitis_four_class,resnet18,otite_ds_64/USA_Turquie_Chili_GMFUNL,224,0,0,hinge,no,no,1,1,mean,1,yes,none,0,logs/best_models/otitis_four_class/resnet18/otite_ds_64/USA_Turquie_Chili_GMFUNL/nsize224/fgsm0/ncal0/hinge/no/prototypes_no/npos1/nneg1/protoagg_mean_1/normyes/dist_none/knn0,logs/best_models/otitis_four_class/resnet18/otite_ds_64/USA_Turquie_Chili_GMFUNL/nsize224/fgsm0/ncal0/hinge/no/prototypes_no/npos1/nneg1/protoagg_mean_1/normyes/dist_none/knn0/model.pth,logs/best_models/otitis_four_class/resnet18/otite_ds_64/USA_Turquie_Chili_GMFUNL/nsize224/fgsm0/ncal0/hinge/no/prototypes_no/npos1/nneg1/protoagg_mean_1/normyes/dist_none/knn0/prototypes.pkl,logs/best_models/otitis_four_class/resnet18/otite_ds_64/USA_Turquie_Chili_GMFUNL/nsize224/fgsm0/ncal0/hinge/no/prototypes_no/npos1/nneg1/protoagg_mean_1/normyes/dist_none/knn0/train_encodings.npz,logs/best_models/otitis_four_class/resnet18/otite_ds_64/USA_Turquie_Chili_GMFUNL/nsize224/fgsm0/ncal0/hinge/no/prototypes_no/npos1/nneg1/protoagg_mean_1/normyes/dist_none/knn0/valid_encodings.npz,logs/best_models/otitis_four_class/resnet18/otite_ds_64/USA_Turquie_Chili_GMFUNL/nsize224/fgsm0/ncal0/hinge/no/prototypes_no/npos1/nneg1/protoagg_mean_1/normyes/dist_none/knn0/test_encodings.npz,,yes,,0.6411764705882353,0.6411764705882353,0.8004249040921414,0.4815713303308872,0.7999025178570875,0.9016393442622951,0.9045694379907955,0.8235294117647058,0.8,0.9039541702426845,0.02084226628441288,0.17824047440884797,protot_kmeans_4,Prototype: KMEANS (n_comp=4),kmeans,2,protot_kmeans_4,Prototype: KMEANS (n_comp=4),kmeans,2,"Banque_Calaman_USA_2020_trie_CM,Banque_Comert_Turquie_2020_jpg,Banque_Viscaino_Chili_2020,GMFUNL_jan2023,inference",inference,inference,"Banque_Calaman_USA_2020_trie_CM,Banque_Comert_Turquie_2020_jpg,Banque_Viscaino_Chili_2020,GMFUNL_jan2023,inference|inference|inference"
7c6906de8c77,otitis_four_class,resnet18,otite_ds_64/USA_Turquie_Chili_GMFUNL,224,0,0,softmax_contrastive,inverseTriplet,no,1,1,mean,1,yes,cosine,3,logs/best_models/otitis_four_class/resnet18/otite_ds_64/USA_Turquie_Chili_GMFUNL/nsize224/fgsm0/ncal0/softmax_contrastive/inverseTriplet/prototypes_no/npos1/nneg1/protoagg_mean_1/normyes/dist_cosine/knn3,logs/best_models/otitis_four_class/resnet18/otite_ds_64/USA_Turquie_Chili_GMFUNL/nsize224/fgsm0/ncal0/softmax_contrastive/inverseTriplet/prototypes_no/npos1/nneg1/protoagg_mean_1/normyes/dist_cosine/knn3/model.pth,logs/best_models/otitis_four_class/resnet18/otite_ds_64/USA_Turquie_Chili_GMFUNL/nsize224/fgsm0/ncal0/softmax_contrastive/inverseTriplet/prototypes_no/npos1/nneg1/protoagg_mean_1/normyes/dist_cosine/knn3/prototypes.pkl,logs/best_models/otitis_four_class/resnet18/otite_ds_64/USA_Turquie_Chili_GMFUNL/nsize224/fgsm0/ncal0/softmax_contrastive/inverseTriplet/prototypes_no/npos1/nneg1/protoagg_mean_1/normyes/dist_cosine/knn3/train_encodings.npz,logs/best_models/otitis_four_class/resnet18/otite_ds_64/USA_Turquie_Chili_GMFUNL/nsize224/fgsm0/ncal0/softmax_contrastive/inverseTriplet/prototypes_no/npos1/nneg1/protoagg_mean_1/normyes/dist_cosine/knn3/valid_encodings.npz,logs/best_models/otitis_four_class/resnet18/otite_ds_64/USA_Turquie_Chili_GMFUNL/nsize224/fgsm0/ncal0/softmax_contrastive/inverseTriplet/prototypes_no/npos1/nneg1/protoagg_mean_1/normyes/dist_cosine/knn3/test_encodings.npz,,yes,,0.5004345937369794,0.5004345937369794,0.7689209453734154,0.4131510488465008,0.7657701697886686,0.7878787878787878,0.9703828774218771,0.8644628099173552,0.8434343434343435,0.9689965727061345,0.23821548821548819,0.4511784511784512,18,KNN (k=18),knn,2,18,KNN (k=18),knn,2,"Banque_Calaman_USA_2020_trie_CM,Banque_Comert_Turquie_2020_jpg,Banque_Viscaino_Chili_2020,GMFUNL_jan2023",inference,inference,"Banque_Calaman_USA_2020_trie_CM,Banque_Comert_Turquie_2020_jpg,Banque_Viscaino_Chili_2020,GMFUNL_jan2023|inference|inference"
e33a4e2506ae,otitis_four_class,resnet18,otite_ds_64/USA_Turquie_Chili_GMFUNL,224,0,0,softmax_contrastive,no,no,1,1,mean,1,yes,cosine,1,logs/best_models/otitis_four_class/resnet18/otite_ds_64/USA_Turquie_Chili_GMFUNL/nsize224/fgsm0/ncal0/softmax_contrastive/no/prototypes_no/npos1/nneg1/protoagg_mean_1/normyes/dist_cosine/knn1,logs/best_models/otitis_four_class/resnet18/otite_ds_64/USA_Turquie_Chili_GMFUNL/nsize224/fgsm0/ncal0/softmax_contrastive/no/prototypes_no/npos1/nneg1/protoagg_mean_1/normyes/dist_cosine/knn1/model.pth,logs/best_models/otitis_four_class/resnet18/otite_ds_64/USA_Turquie_Chili_GMFUNL/nsize224/fgsm0/ncal0/softmax_contrastive/no/prototypes_no/npos1/nneg1/protoagg_mean_1/normyes/dist_cosine/knn1/prototypes.pkl,logs/best_models/otitis_four_class/resnet18/otite_ds_64/USA_Turquie_Chili_GMFUNL/nsize224/fgsm0/ncal0/softmax_contrastive/no/prototypes_no/npos1/nneg1/protoagg_mean_1/normyes/dist_cosine/knn1/train_encodings.npz,logs/best_models/otitis_four_class/resnet18/otite_ds_64/USA_Turquie_Chili_GMFUNL/nsize224/fgsm0/ncal0/softmax_contrastive/no/prototypes_no/npos1/nneg1/protoagg_mean_1/normyes/dist_cosine/knn1/valid_encodings.npz,logs/best_models/otitis_four_class/resnet18/otite_ds_64/USA_Turquie_Chili_GMFUNL/nsize224/fgsm0/ncal0/softmax_contrastive/no/prototypes_no/npos1/nneg1/protoagg_mean_1/normyes/dist_cosine/knn1/test_encodings.npz,logs/otitis_four_class/b16e96c6-7041-4896-9dca-f893d3f5aad8,yes,,0.6897979292329923,0.6897979292329923,0.8911933769783165,0.06262242910851495,0.8875518425628173,0.9180327868852459,0.9898004168148279,0.8049019607843136,0.801,0.9884444094608158,0.17110655737704916,0.21657274590163936,16,KNN (k=16),knn,2,16,KNN (k=16),knn,2,"Banque_Calaman_USA_2020_trie_CM,Banque_Comert_Turquie_2020_jpg,Banque_Viscaino_Chili_2020,GMFUNL_jan2023,inference",inference,inference,"Banque_Calaman_USA_2020_trie_CM,Banque_Comert_Turquie_2020_jpg,Banque_Viscaino_Chili_2020,GMFUNL_jan2023,inference|inference|inference"
02ed5f98a60f,otitis_four_class,resnet18,otite_ds_64/USA_Turquie_Chili_GMFUNL,224,0,0,softmax_contrastive,no,no,1,1,mean,1,yes,cosine,7,logs/best_models/otitis_four_class/resnet18/otite_ds_64/USA_Turquie_Chili_GMFUNL/nsize224/fgsm0/ncal0/softmax_contrastive/no/prototypes_no/npos1/nneg1/protoagg_mean_1/normyes/dist_cosine/knn7,logs/best_models/otitis_four_class/resnet18/otite_ds_64/USA_Turquie_Chili_GMFUNL/nsize224/fgsm0/ncal0/softmax_contrastive/no/prototypes_no/npos1/nneg1/protoagg_mean_1/normyes/dist_cosine/knn7/model.pth,logs/best_models/otitis_four_class/resnet18/otite_ds_64/USA_Turquie_Chili_GMFUNL/nsize224/fgsm0/ncal0/softmax_contrastive/no/prototypes_no/npos1/nneg1/protoagg_mean_1/normyes/dist_cosine/knn7/prototypes.pkl,logs/best_models/otitis_four_class/resnet18/otite_ds_64/USA_Turquie_Chili_GMFUNL/nsize224/fgsm0/ncal0/softmax_contrastive/no/prototypes_no/npos1/nneg1/protoagg_mean_1/normyes/dist_cosine/knn7/train_encodings.npz,logs/best_models/otitis_four_class/resnet18/otite_ds_64/USA_Turquie_Chili_GMFUNL/nsize224/fgsm0/ncal0/softmax_contrastive/no/prototypes_no/npos1/nneg1/protoagg_mean_1/normyes/dist_cosine/knn7/valid_encodings.npz,logs/best_models/otitis_four_class/resnet18/otite_ds_64/USA_Turquie_Chili_GMFUNL/nsize224/fgsm0/ncal0/softmax_contrastive/no/prototypes_no/npos1/nneg1/protoagg_mean_1/normyes/dist_cosine/knn7/test_encodings.npz,,yes,,0.5134236249100267,0.5134236249100267,0.9858599067410467,0.17766726362967536,0.9837228253380726,0.8787878787878788,0.99980573070613,0.737190082644628,0.6860269360269361,0.9991701510200958,0.12626262626262627,0.24579124579124578,3,KNN (k=3),knn,5,3,KNN (k=3),knn,5,"Banque_Calaman_USA_2020_trie_CM,Banque_Comert_Turquie_2020_jpg,Banque_Viscaino_Chili_2020,GMFUNL_jan2023,inference",inference,inference,"Banque_Calaman_USA_2020_trie_CM,Banque_Comert_Turquie_2020_jpg,Banque_Viscaino_Chili_2020,GMFUNL_jan2023,inference|inference|inference"
779b4b6eac74,otitis_four_class,resnet18,otite_ds_64/USA_Turquie_Chili_GMFUNL,224,0,0,triplet,inverseTriplet,batch,1,1,mean,1,yes,cosine,2,logs/best_models/otitis_four_class/resnet18/otite_ds_64/USA_Turquie_Chili_GMFUNL/nsize224/fgsm0/ncal0/triplet/inverseTriplet/prototypes_batch/npos1/nneg1/protoagg_mean_1/normyes/dist_cosine/knn2,logs/best_models/otitis_four_class/resnet18/otite_ds_64/USA_Turquie_Chili_GMFUNL/nsize224/fgsm0/ncal0/triplet/inverseTriplet/prototypes_batch/npos1/nneg1/protoagg_mean_1/normyes/dist_cosine/knn2/model.pth,logs/best_models/otitis_four_class/resnet18/otite_ds_64/USA_Turquie_Chili_GMFUNL/nsize224/fgsm0/ncal0/triplet/inverseTriplet/prototypes_batch/npos1/nneg1/protoagg_mean_1/normyes/dist_cosine/knn2/prototypes.pkl,logs/best_models/otitis_four_class/resnet18/otite_ds_64/USA_Turquie_Chili_GMFUNL/nsize224/fgsm0/ncal0/triplet/inverseTriplet/prototypes_batch/npos1/nneg1/protoagg_mean_1/normyes/dist_cosine/knn2/train_encodings.npz,logs/best_models/otitis_four_class/resnet18/otite_ds_64/USA_Turquie_Chili_GMFUNL/nsize224/fgsm0/ncal0/triplet/inverseTriplet/prototypes_batch/npos1/nneg1/protoagg_mean_1/normyes/dist_cosine/knn2/valid_encodings.npz,logs/best_models/otitis_four_class/resnet18/otite_ds_64/USA_Turquie_Chili_GMFUNL/nsize224/fgsm0/ncal0/triplet/inverseTriplet/prototypes_batch/npos1/nneg1/protoagg_mean_1/normyes/dist_cosine/knn2/test_encodings.npz,,yes,,0.4640954808922571,0.4640954808922571,0.6790196085734902,0.262431940540739,0.6743044296736455,0.8333333333333334,0.7119788599626571,0.7404958677685951,0.7474747474747474,0.7096815243359629,0.16666666666666663,0.3333333333333329,baseline_qda,Quadratic Discriminant,qda,0,baseline_qda,Quadratic Discriminant,qda,0,"Banque_Calaman_USA_2020_trie_CM,Banque_Comert_Turquie_2020_jpg,Banque_Viscaino_Chili_2020,GMFUNL_jan2023,inference",inference,inference,"Banque_Calaman_USA_2020_trie_CM,Banque_Comert_Turquie_2020_jpg,Banque_Viscaino_Chili_2020,GMFUNL_jan2023,inference|inference|inference"
1dc996a9d989,otitis_four_class,resnet18,otite_ds_64/USA_Turquie_Chili_GMFUNL,224,0,0,triplet,inverseTriplet,class,1,1,mean,1,yes,cosine,2,logs/best_models/otitis_four_class/resnet18/otite_ds_64/USA_Turquie_Chili_GMFUNL/nsize224/fgsm0/ncal0/triplet/inverseTriplet/prototypes_class/npos1/nneg1/protoagg_mean_1/normyes/dist_cosine/knn2,logs/best_models/otitis_four_class/resnet18/otite_ds_64/USA_Turquie_Chili_GMFUNL/nsize224/fgsm0/ncal0/triplet/inverseTriplet/prototypes_class/npos1/nneg1/protoagg_mean_1/normyes/dist_cosine/knn2/model.pth,logs/best_models/otitis_four_class/resnet18/otite_ds_64/USA_Turquie_Chili_GMFUNL/nsize224/fgsm0/ncal0/triplet/inverseTriplet/prototypes_class/npos1/nneg1/protoagg_mean_1/normyes/dist_cosine/knn2/prototypes.pkl,logs/best_models/otitis_four_class/resnet18/otite_ds_64/USA_Turquie_Chili_GMFUNL/nsize224/fgsm0/ncal0/triplet/inverseTriplet/prototypes_class/npos1/nneg1/protoagg_mean_1/normyes/dist_cosine/knn2/train_encodings.npz,logs/best_models/otitis_four_class/resnet18/otite_ds_64/USA_Turquie_Chili_GMFUNL/nsize224/fgsm0/ncal0/triplet/inverseTriplet/prototypes_class/npos1/nneg1/protoagg_mean_1/normyes/dist_cosine/knn2/valid_encodings.npz,logs/best_models/otitis_four_class/resnet18/otite_ds_64/USA_Turquie_Chili_GMFUNL/nsize224/fgsm0/ncal0/triplet/inverseTriplet/prototypes_class/npos1/nneg1/protoagg_mean_1/normyes/dist_cosine/knn2/test_encodings.npz,,yes,,0.4640954808922571,0.4640954808922571,0.6790196085734902,0.262431940540739,0.6743044296736455,0.8333333333333334,0.7119788599626571,0.7404958677685951,0.7474747474747474,0.7096815243359629,0.16666666666666663,0.3333333333333329,baseline_qda,Quadratic Discriminant,qda,0,baseline_qda,Quadratic Discriminant,qda,0,"Banque_Calaman_USA_2020_trie_CM,Banque_Comert_Turquie_2020_jpg,Banque_Viscaino_Chili_2020,GMFUNL_jan2023,inference",inference,inference,"Banque_Calaman_USA_2020_trie_CM,Banque_Comert_Turquie_2020_jpg,Banque_Viscaino_Chili_2020,GMFUNL_jan2023,inference|inference|inference"
93657a66cbaa,otitis_four_class,resnet18,otite_ds_64/USA_Turquie_Chili_GMFUNL,224,0,0,triplet,inverseTriplet,class,1,1,mean,1,yes,euclidean,4,logs/best_models/otitis_four_class/resnet18/otite_ds_64/USA_Turquie_Chili_GMFUNL/nsize224/fgsm0/ncal0/triplet/inverseTriplet/prototypes_class/npos1/nneg1/protoagg_mean_1/normyes/dist_euclidean/knn4,logs/best_models/otitis_four_class/resnet18/otite_ds_64/USA_Turquie_Chili_GMFUNL/nsize224/fgsm0/ncal0/triplet/inverseTriplet/prototypes_class/npos1/nneg1/protoagg_mean_1/normyes/dist_euclidean/knn4/model.pth,logs/best_models/otitis_four_class/resnet18/otite_ds_64/USA_Turquie_Chili_GMFUNL/nsize224/fgsm0/ncal0/triplet/inverseTriplet/prototypes_class/npos1/nneg1/protoagg_mean_1/normyes/dist_euclidean/knn4/prototypes.pkl,logs/best_models/otitis_four_class/resnet18/otite_ds_64/USA_Turquie_Chili_GMFUNL/nsize224/fgsm0/ncal0/triplet/inverseTriplet/prototypes_class/npos1/nneg1/protoagg_mean_1/normyes/dist_euclidean/knn4/train_encodings.npz,logs/best_models/otitis_four_class/resnet18/otite_ds_64/USA_Turquie_Chili_GMFUNL/nsize224/fgsm0/ncal0/triplet/inverseTriplet/prototypes_class/npos1/nneg1/protoagg_mean_1/normyes/dist_euclidean/knn4/valid_encodings.npz,logs/best_models/otitis_four_class/resnet18/otite_ds_64/USA_Turquie_Chili_GMFUNL/nsize224/fgsm0/ncal0/triplet/inverseTriplet/prototypes_class/npos1/nneg1/protoagg_mean_1/normyes/dist_euclidean/knn4/test_encodings.npz,logs/otitis_four_class/4cd4aa53-012c-454d-9fda-c8e659e87940,yes,,0.4516599046208679,0.4516599046208679,0.6640147519836538,0.3024184476928859,0.6620021147003533,0.7272727272727273,0.9103254055122572,0.834710743801653,0.5101010101010102,0.9089654966095253,0.05866119780770686,0.42591809103426337,protot_gmm_4,Prototype: GMM (n_comp=4),gmm,2,protot_gmm_4,Prototype: GMM (n_comp=4),gmm,2,"Banque_Calaman_USA_2020_trie_CM,Banque_Comert_Turquie_2020_jpg,Banque_Viscaino_Chili_2020,GMFUNL_jan2023",inference,inference,"Banque_Calaman_USA_2020_trie_CM,Banque_Comert_Turquie_2020_jpg,Banque_Viscaino_Chili_2020,GMFUNL_jan2023|inference|inference"
4ef3853c8d19,otitis_four_class,resnet18,otite_ds_64/USA_Turquie_Chili_GMFUNL,224,0,0,triplet,inverseTriplet,no,1,1,mean,1,yes,cosine,3,logs/best_models/otitis_four_class/resnet18/otite_ds_64/USA_Turquie_Chili_GMFUNL/nsize224/fgsm0/ncal0/triplet/inverseTriplet/prototypes_no/npos1/nneg1/protoagg_mean_1/normyes/dist_cosine/knn3,logs/best_models/otitis_four_class/resnet18/otite_ds_64/USA_Turquie_Chili_GMFUNL/nsize224/fgsm0/ncal0/triplet/inverseTriplet/prototypes_no/npos1/nneg1/protoagg_mean_1/normyes/dist_cosine/knn3/model.pth,logs/best_models/otitis_four_class/resnet18/otite_ds_64/USA_Turquie_Chili_GMFUNL/nsize224/fgsm0/ncal0/triplet/inverseTriplet/prototypes_no/npos1/nneg1/protoagg_mean_1/normyes/dist_cosine/knn3/prototypes.pkl,logs/best_models/otitis_four_class/resnet18/otite_ds_64/USA_Turquie_Chili_GMFUNL/nsize224/fgsm0/ncal0/triplet/inverseTriplet/prototypes_no/npos1/nneg1/protoagg_mean_1/normyes/dist_cosine/knn3/train_encodings.npz,logs/best_models/otitis_four_class/resnet18/otite_ds_64/USA_Turquie_Chili_GMFUNL/nsize224/fgsm0/ncal0/triplet/inverseTriplet/prototypes_no/npos1/nneg1/protoagg_mean_1/normyes/dist_cosine/knn3/valid_encodings.npz,logs/best_models/otitis_four_class/resnet18/otite_ds_64/USA_Turquie_Chili_GMFUNL/nsize224/fgsm0/ncal0/triplet/inverseTriplet/prototypes_no/npos1/nneg1/protoagg_mean_1/normyes/dist_cosine/knn3/test_encodings.npz,logs/otitis_four_class/d0d803dc-7956-4275-b6cd-3f364dbc8641,yes,,0.5004345937369794,0.5004345937369794,0.7689209453734154,0.4131510488465008,0.7657701697886686,0.7878787878787878,0.9703828774218771,0.8644628099173552,0.8434343434343435,0.9689965727061345,0.23821548821548819,0.4511784511784512,18,KNN (k=18),knn,2,18,KNN (k=18),knn,2,"Banque_Calaman_USA_2020_trie_CM,Banque_Comert_Turquie_2020_jpg,Banque_Viscaino_Chili_2020,GMFUNL_jan2023",inference,inference,"Banque_Calaman_USA_2020_trie_CM,Banque_Comert_Turquie_2020_jpg,Banque_Viscaino_Chili_2020,GMFUNL_jan2023|inference|inference"
6a3cf0feebb6,otitis_four_class,resnet18,otite_ds_64/USA_Turquie_Chili_GMFUNL,224,0,0,triplet,inverseTriplet,no,1,1,mean,1,yes,euclidean,3,logs/best_models/otitis_four_class/resnet18/otite_ds_64/USA_Turquie_Chili_GMFUNL/nsize224/fgsm0/ncal0/triplet/inverseTriplet/prototypes_no/npos1/nneg1/protoagg_mean_1/normyes/dist_euclidean/knn3,logs/best_models/otitis_four_class/resnet18/otite_ds_64/USA_Turquie_Chili_GMFUNL/nsize224/fgsm0/ncal0/triplet/inverseTriplet/prototypes_no/npos1/nneg1/protoagg_mean_1/normyes/dist_euclidean/knn3/model.pth,logs/best_models/otitis_four_class/resnet18/otite_ds_64/USA_Turquie_Chili_GMFUNL/nsize224/fgsm0/ncal0/triplet/inverseTriplet/prototypes_no/npos1/nneg1/protoagg_mean_1/normyes/dist_euclidean/knn3/prototypes.pkl,logs/best_models/otitis_four_class/resnet18/otite_ds_64/USA_Turquie_Chili_GMFUNL/nsize224/fgsm0/ncal0/triplet/inverseTriplet/prototypes_no/npos1/nneg1/protoagg_mean_1/normyes/dist_euclidean/knn3/train_encodings.npz,logs/best_models/otitis_four_class/resnet18/otite_ds_64/USA_Turquie_Chili_GMFUNL/nsize224/fgsm0/ncal0/triplet/inverseTriplet/prototypes_no/npos1/nneg1/protoagg_mean_1/normyes/dist_euclidean/knn3/valid_encodings.npz,logs/best_models/otitis_four_class/resnet18/otite_ds_64/USA_Turquie_Chili_GMFUNL/nsize224/fgsm0/ncal0/triplet/inverseTriplet/prototypes_no/npos1/nneg1/protoagg_mean_1/normyes/dist_euclidean/knn3/test_encodings.npz,logs/otitis_four_class/62bf4b7c-b901-4fdd-9c3d-10e9ad36db25,yes,,0.5004345937369794,0.5004345937369794,0.7689209453734154,0.4131510488465008,0.7657701697886686,0.7878787878787878,0.9703828774218771,0.8644628099173552,0.8434343434343435,0.9689965727061345,0.23821548821548819,0.4511784511784512,18,KNN (k=18),knn,2,18,KNN (k=18),knn,2,"Banque_Calaman_USA_2020_trie_CM,Banque_Comert_Turquie_2020_jpg,Banque_Viscaino_Chili_2020,GMFUNL_jan2023",inference,inference,"Banque_Calaman_USA_2020_trie_CM,Banque_Comert_Turquie_2020_jpg,Banque_Viscaino_Chili_2020,GMFUNL_jan2023|inference|inference"
b541e0b539c4,otitis_four_class,resnet18,otite_ds_64/USA_Turquie_Chili_GMFUNL,224,0,0,triplet,inverseTriplet,no,1,5,mean,1,yes,cosine,2,logs/best_models/otitis_four_class/resnet18/otite_ds_64/USA_Turquie_Chili_GMFUNL/nsize224/fgsm0/ncal0/triplet/inverseTriplet/prototypes_no/npos1/nneg5/protoagg_mean_1/normyes/dist_cosine/knn2,logs/best_models/otitis_four_class/resnet18/otite_ds_64/USA_Turquie_Chili_GMFUNL/nsize224/fgsm0/ncal0/triplet/inverseTriplet/prototypes_no/npos1/nneg5/protoagg_mean_1/normyes/dist_cosine/knn2/model.pth,logs/best_models/otitis_four_class/resnet18/otite_ds_64/USA_Turquie_Chili_GMFUNL/nsize224/fgsm0/ncal0/triplet/inverseTriplet/prototypes_no/npos1/nneg5/protoagg_mean_1/normyes/dist_cosine/knn2/prototypes.pkl,logs/best_models/otitis_four_class/resnet18/otite_ds_64/USA_Turquie_Chili_GMFUNL/nsize224/fgsm0/ncal0/triplet/inverseTriplet/prototypes_no/npos1/nneg5/protoagg_mean_1/normyes/dist_cosine/knn2/train_encodings.npz,logs/best_models/otitis_four_class/resnet18/otite_ds_64/USA_Turquie_Chili_GMFUNL/nsize224/fgsm0/ncal0/triplet/inverseTriplet/prototypes_no/npos1/nneg5/protoagg_mean_1/normyes/dist_cosine/knn2/valid_encodings.npz,logs/best_models/otitis_four_class/resnet18/otite_ds_64/USA_Turquie_Chili_GMFUNL/nsize224/fgsm0/ncal0/triplet/inverseTriplet/prototypes_no/npos1/nneg5/protoagg_mean_1/normyes/dist_cosine/knn2/test_encodings.npz,,yes,,0.4640954808922571,0.4640954808922571,0.6790196085734902,0.262431940540739,0.6743044296736455,0.8333333333333334,0.7119788599626571,0.7404958677685951,0.7474747474747474,0.7096815243359629,0.16666666666666663,0.3333333333333329,baseline_qda,Quadratic Discriminant,qda,0,baseline_qda,Quadratic Discriminant,qda,0,"Banque_Calaman_USA_2020_trie_CM,Banque_Comert_Turquie_2020_jpg,Banque_Viscaino_Chili_2020,GMFUNL_jan2023,inference",inference,inference,"Banque_Calaman_USA_2020_trie_CM,Banque_Comert_Turquie_2020_jpg,Banque_Viscaino_Chili_2020,GMFUNL_jan2023,inference|inference|inference"
43058b29791d,otitis_four_class,resnet18,otite_ds_64/USA_Turquie_Chili_GMFUNL,224,0,0,triplet,inverseTriplet,no,1,5,mean,1,yes,cosine,3,logs/best_models/otitis_four_class/resnet18/otite_ds_64/USA_Turquie_Chili_GMFUNL/nsize224/fgsm0/ncal0/triplet/inverseTriplet/prototypes_no/npos1/nneg5/protoagg_mean_1/normyes/dist_cosine/knn3,logs/best_models/otitis_four_class/resnet18/otite_ds_64/USA_Turquie_Chili_GMFUNL/nsize224/fgsm0/ncal0/triplet/inverseTriplet/prototypes_no/npos1/nneg5/protoagg_mean_1/normyes/dist_cosine/knn3/model.pth,logs/best_models/otitis_four_class/resnet18/otite_ds_64/USA_Turquie_Chili_GMFUNL/nsize224/fgsm0/ncal0/triplet/inverseTriplet/prototypes_no/npos1/nneg5/protoagg_mean_1/normyes/dist_cosine/knn3/prototypes.pkl,logs/best_models/otitis_four_class/resnet18/otite_ds_64/USA_Turquie_Chili_GMFUNL/nsize224/fgsm0/ncal0/triplet/inverseTriplet/prototypes_no/npos1/nneg5/protoagg_mean_1/normyes/dist_cosine/knn3/train_encodings.npz,logs/best_models/otitis_four_class/resnet18/otite_ds_64/USA_Turquie_Chili_GMFUNL/nsize224/fgsm0/ncal0/triplet/inverseTriplet/prototypes_no/npos1/nneg5/protoagg_mean_1/normyes/dist_cosine/knn3/valid_encodings.npz,logs/best_models/otitis_four_class/resnet18/otite_ds_64/USA_Turquie_Chili_GMFUNL/nsize224/fgsm0/ncal0/triplet/inverseTriplet/prototypes_no/npos1/nneg5/protoagg_mean_1/normyes/dist_cosine/knn3/test_encodings.npz,,yes,,0.5004345937369794,0.5004345937369794,0.7689209453734154,0.4131510488465008,0.7657701697886686,0.7878787878787878,0.9703828774218771,0.8644628099173552,0.8434343434343435,0.9689965727061345,0.23821548821548819,0.4511784511784512,18,KNN (k=18),knn,2,18,KNN (k=18),knn,2,"Banque_Calaman_USA_2020_trie_CM,Banque_Comert_Turquie_2020_jpg,Banque_Viscaino_Chili_2020,GMFUNL_jan2023",inference,inference,"Banque_Calaman_USA_2020_trie_CM,Banque_Comert_Turquie_2020_jpg,Banque_Viscaino_Chili_2020,GMFUNL_jan2023|inference|inference"
efcf27c1486c,otitis_four_class,resnet18,otite_ds_64/USA_Turquie_Chili_GMFUNL,224,0,0,triplet,inverseTriplet,no,1,5,mean,1,yes,euclidean,3,logs/best_models/otitis_four_class/resnet18/otite_ds_64/USA_Turquie_Chili_GMFUNL/nsize224/fgsm0/ncal0/triplet/inverseTriplet/prototypes_no/npos1/nneg5/protoagg_mean_1/normyes/dist_euclidean/knn3,logs/best_models/otitis_four_class/resnet18/otite_ds_64/USA_Turquie_Chili_GMFUNL/nsize224/fgsm0/ncal0/triplet/inverseTriplet/prototypes_no/npos1/nneg5/protoagg_mean_1/normyes/dist_euclidean/knn3/model.pth,logs/best_models/otitis_four_class/resnet18/otite_ds_64/USA_Turquie_Chili_GMFUNL/nsize224/fgsm0/ncal0/triplet/inverseTriplet/prototypes_no/npos1/nneg5/protoagg_mean_1/normyes/dist_euclidean/knn3/prototypes.pkl,logs/best_models/otitis_four_class/resnet18/otite_ds_64/USA_Turquie_Chili_GMFUNL/nsize224/fgsm0/ncal0/triplet/inverseTriplet/prototypes_no/npos1/nneg5/protoagg_mean_1/normyes/dist_euclidean/knn3/train_encodings.npz,logs/best_models/otitis_four_class/resnet18/otite_ds_64/USA_Turquie_Chili_GMFUNL/nsize224/fgsm0/ncal0/triplet/inverseTriplet/prototypes_no/npos1/nneg5/protoagg_mean_1/normyes/dist_euclidean/knn3/valid_encodings.npz,logs/best_models/otitis_four_class/resnet18/otite_ds_64/USA_Turquie_Chili_GMFUNL/nsize224/fgsm0/ncal0/triplet/inverseTriplet/prototypes_no/npos1/nneg5/protoagg_mean_1/normyes/dist_euclidean/knn3/test_encodings.npz,,yes,,0.5004345937369794,0.5004345937369794,0.7689209453734154,0.4131510488465008,0.7657701697886686,0.7878787878787878,0.9703828774218771,0.8644628099173552,0.8434343434343435,0.9689965727061345,0.23821548821548819,0.4511784511784512,18,KNN (k=18),knn,2,18,KNN (k=18),knn,2,"Banque_Calaman_USA_2020_trie_CM,Banque_Comert_Turquie_2020_jpg,Banque_Viscaino_Chili_2020,GMFUNL_jan2023",inference,inference,"Banque_Calaman_USA_2020_trie_CM,Banque_Comert_Turquie_2020_jpg,Banque_Viscaino_Chili_2020,GMFUNL_jan2023|inference|inference"
5416657cd842,otitis_four_class,resnet18,otite_ds_64/USA_Turquie_Chili_GMFUNL,224,0,0,triplet,no,class,1,1,mean,1,yes,cosine,2,logs/best_models/otitis_four_class/resnet18/otite_ds_64/USA_Turquie_Chili_GMFUNL/nsize224/fgsm0/ncal0/triplet/no/prototypes_class/npos1/nneg1/protoagg_mean_1/normyes/dist_cosine/knn2,logs/best_models/otitis_four_class/resnet18/otite_ds_64/USA_Turquie_Chili_GMFUNL/nsize224/fgsm0/ncal0/triplet/no/prototypes_class/npos1/nneg1/protoagg_mean_1/normyes/dist_cosine/knn2/model.pth,logs/best_models/otitis_four_class/resnet18/otite_ds_64/USA_Turquie_Chili_GMFUNL/nsize224/fgsm0/ncal0/triplet/no/prototypes_class/npos1/nneg1/protoagg_mean_1/normyes/dist_cosine/knn2/prototypes.pkl,logs/best_models/otitis_four_class/resnet18/otite_ds_64/USA_Turquie_Chili_GMFUNL/nsize224/fgsm0/ncal0/triplet/no/prototypes_class/npos1/nneg1/protoagg_mean_1/normyes/dist_cosine/knn2/train_encodings.npz,logs/best_models/otitis_four_class/resnet18/otite_ds_64/USA_Turquie_Chili_GMFUNL/nsize224/fgsm0/ncal0/triplet/no/prototypes_class/npos1/nneg1/protoagg_mean_1/normyes/dist_cosine/knn2/valid_encodings.npz,logs/best_models/otitis_four_class/resnet18/otite_ds_64/USA_Turquie_Chili_GMFUNL/nsize224/fgsm0/ncal0/triplet/no/prototypes_class/npos1/nneg1/protoagg_mean_1/normyes/dist_cosine/knn2/test_encodings.npz,logs/otitis_four_class/1b6b3424-7e48-4cb9-abf2-43707a3c4a81,yes,,0.4640954808922571,0.4640954808922571,0.6790196085734902,0.262431940540739,0.6743044296736455,0.8333333333333334,0.7119788599626571,0.7404958677685951,0.7474747474747474,0.7096815243359629,0.16666666666666663,0.3333333333333329,baseline_qda,Quadratic Discriminant,qda,0,baseline_qda,Quadratic Discriminant,qda,0,"Banque_Calaman_USA_2020_trie_CM,Banque_Comert_Turquie_2020_jpg,Banque_Viscaino_Chili_2020,GMFUNL_jan2023,inference",inference,inference,"Banque_Calaman_USA_2020_trie_CM,Banque_Comert_Turquie_2020_jpg,Banque_Viscaino_Chili_2020,GMFUNL_jan2023,inference|inference|inference"
a38ec2afe804,otitis_four_class,resnet18,otite_ds_64/USA_Turquie_Chili_GMFUNL,224,0,0,triplet,no,class,1,1,mean,1,yes,euclidean,8,logs/best_models/otitis_four_class/resnet18/otite_ds_64/USA_Turquie_Chili_GMFUNL/nsize224/fgsm0/ncal0/triplet/no/prototypes_class/npos1/nneg1/protoagg_mean_1/normyes/dist_euclidean/knn8,logs/best_models/otitis_four_class/resnet18/otite_ds_64/USA_Turquie_Chili_GMFUNL/nsize224/fgsm0/ncal0/triplet/no/prototypes_class/npos1/nneg1/protoagg_mean_1/normyes/dist_euclidean/knn8/model.pth,logs/best_models/otitis_four_class/resnet18/otite_ds_64/USA_Turquie_Chili_GMFUNL/nsize224/fgsm0/ncal0/triplet/no/prototypes_class/npos1/nneg1/protoagg_mean_1/normyes/dist_euclidean/knn8/prototypes.pkl,logs/best_models/otitis_four_class/resnet18/otite_ds_64/USA_Turquie_Chili_GMFUNL/nsize224/fgsm0/ncal0/triplet/no/prototypes_class/npos1/nneg1/protoagg_mean_1/normyes/dist_euclidean/knn8/train_encodings.npz,logs/best_models/otitis_four_class/resnet18/otite_ds_64/USA_Turquie_Chili_GMFUNL/nsize224/fgsm0/ncal0/triplet/no/prototypes_class/npos1/nneg1/protoagg_mean_1/normyes/dist_euclidean/knn8/valid_encodings.npz,logs/best_models/otitis_four_class/resnet18/otite_ds_64/USA_Turquie_Chili_GMFUNL/nsize224/fgsm0/ncal0/triplet/no/prototypes_class/npos1/nneg1/protoagg_mean_1/normyes/dist_euclidean/knn8/test_encodings.npz,logs/otitis_four_class/e286e03a-6358-4d28-b98c-98767ac8ed46,yes,,,,,,,,,,,,,,,,,,,,,,,,,
b7855b0f48c2,otitis_four_class,resnet18,otite_ds_64/USA_Turquie_Chili_GMFUNL,224,0,0,triplet,no,no,1,1,mean,1,yes,cosine,7,logs/best_models/otitis_four_class/resnet18/otite_ds_64/USA_Turquie_Chili_GMFUNL/nsize224/fgsm0/ncal0/triplet/no/prototypes_no/npos1/nneg1/protoagg_mean_1/normyes/dist_cosine/knn7,logs/best_models/otitis_four_class/resnet18/otite_ds_64/USA_Turquie_Chili_GMFUNL/nsize224/fgsm0/ncal0/triplet/no/prototypes_no/npos1/nneg1/protoagg_mean_1/normyes/dist_cosine/knn7/model.pth,logs/best_models/otitis_four_class/resnet18/otite_ds_64/USA_Turquie_Chili_GMFUNL/nsize224/fgsm0/ncal0/triplet/no/prototypes_no/npos1/nneg1/protoagg_mean_1/normyes/dist_cosine/knn7/prototypes.pkl,logs/best_models/otitis_four_class/resnet18/otite_ds_64/USA_Turquie_Chili_GMFUNL/nsize224/fgsm0/ncal0/triplet/no/prototypes_no/npos1/nneg1/protoagg_mean_1/normyes/dist_cosine/knn7/train_encodings.npz,logs/best_models/otitis_four_class/resnet18/otite_ds_64/USA_Turquie_Chili_GMFUNL/nsize224/fgsm0/ncal0/triplet/no/prototypes_no/npos1/nneg1/protoagg_mean_1/normyes/dist_cosine/knn7/valid_encodings.npz,logs/best_models/otitis_four_class/resnet18/otite_ds_64/USA_Turquie_Chili_GMFUNL/nsize224/fgsm0/ncal0/triplet/no/prototypes_no/npos1/nneg1/protoagg_mean_1/normyes/dist_cosine/knn7/test_encodings.npz,logs/otitis_four_class/673337bd-949b-4d75-8428-b4d9ff4e73d7,yes,,0.5134236249100267,0.5134236249100267,0.9858599067410467,0.17766726362967536,0.9837228253380726,0.8787878787878788,0.99980573070613,0.737190082644628,0.6860269360269361,0.9991701510200958,0.12626262626262627,0.24579124579124578,3,KNN (k=3),knn,5,3,KNN (k=3),knn,5,"Banque_Calaman_USA_2020_trie_CM,Banque_Comert_Turquie_2020_jpg,Banque_Viscaino_Chili_2020,GMFUNL_jan2023,inference",inference,inference,"Banque_Calaman_USA_2020_trie_CM,Banque_Comert_Turquie_2020_jpg,Banque_Viscaino_Chili_2020,GMFUNL_jan2023,inference|inference|inference"
c1e69e970ddc,otitis_four_class,resnet18,otite_ds_64/USA_Turquie_Chili_GMFUNL,224,0,0,triplet,no,no,1,5,mean,1,yes,cosine,1,logs/best_models/otitis_four_class/resnet18/otite_ds_64/USA_Turquie_Chili_GMFUNL/nsize224/fgsm0/ncal0/triplet/no/prototypes_no/npos1/nneg5/protoagg_mean_1/normyes/dist_cosine/knn1,logs/best_models/otitis_four_class/resnet18/otite_ds_64/USA_Turquie_Chili_GMFUNL/nsize224/fgsm0/ncal0/triplet/no/prototypes_no/npos1/nneg5/protoagg_mean_1/normyes/dist_cosine/knn1/model.pth,logs/best_models/otitis_four_class/resnet18/otite_ds_64/USA_Turquie_Chili_GMFUNL/nsize224/fgsm0/ncal0/triplet/no/prototypes_no/npos1/nneg5/protoagg_mean_1/normyes/dist_cosine/knn1/prototypes.pkl,logs/best_models/otitis_four_class/resnet18/otite_ds_64/USA_Turquie_Chili_GMFUNL/nsize224/fgsm0/ncal0/triplet/no/prototypes_no/npos1/nneg5/protoagg_mean_1/normyes/dist_cosine/knn1/train_encodings.npz,logs/best_models/otitis_four_class/resnet18/otite_ds_64/USA_Turquie_Chili_GMFUNL/nsize224/fgsm0/ncal0/triplet/no/prototypes_no/npos1/nneg5/protoagg_mean_1/normyes/dist_cosine/knn1/valid_encodings.npz,logs/best_models/otitis_four_class/resnet18/otite_ds_64/USA_Turquie_Chili_GMFUNL/nsize224/fgsm0/ncal0/triplet/no/prototypes_no/npos1/nneg5/protoagg_mean_1/normyes/dist_cosine/knn1/test_encodings.npz,,yes,,0.6897979292329923,0.6897979292329923,0.8911933769783165,0.06262242910851495,0.8875518425628173,0.9180327868852459,0.9898004168148279,0.8049019607843136,0.801,0.9884444094608158,0.17110655737704916,0.21657274590163936,16,KNN (k=16),knn,2,16,KNN (k=16),knn,2,"Banque_Calaman_USA_2020_trie_CM,Banque_Comert_Turquie_2020_jpg,Banque_Viscaino_Chili_2020,GMFUNL_jan2023,inference",inference,inference,"Banque_Calaman_USA_2020_trie_CM,Banque_Comert_Turquie_2020_jpg,Banque_Viscaino_Chili_2020,GMFUNL_jan2023,inference|inference|inference"
08a15f07eb0d,otitis_four_class,resnet18,otite_ds_64/USA_Turquie_Chili_GMFUNL,224,0,0,triplet,no,no,1,5,mean,1,yes,cosine,7,logs/best_models/otitis_four_class/resnet18/otite_ds_64/USA_Turquie_Chili_GMFUNL/nsize224/fgsm0/ncal0/triplet/no/prototypes_no/npos1/nneg5/protoagg_mean_1/normyes/dist_cosine/knn7,logs/best_models/otitis_four_class/resnet18/otite_ds_64/USA_Turquie_Chili_GMFUNL/nsize224/fgsm0/ncal0/triplet/no/prototypes_no/npos1/nneg5/protoagg_mean_1/normyes/dist_cosine/knn7/model.pth,logs/best_models/otitis_four_class/resnet18/otite_ds_64/USA_Turquie_Chili_GMFUNL/nsize224/fgsm0/ncal0/triplet/no/prototypes_no/npos1/nneg5/protoagg_mean_1/normyes/dist_cosine/knn7/prototypes.pkl,logs/best_models/otitis_four_class/resnet18/otite_ds_64/USA_Turquie_Chili_GMFUNL/nsize224/fgsm0/ncal0/triplet/no/prototypes_no/npos1/nneg5/protoagg_mean_1/normyes/dist_cosine/knn7/train_encodings.npz,logs/best_models/otitis_four_class/resnet18/otite_ds_64/USA_Turquie_Chili_GMFUNL/nsize224/fgsm0/ncal0/triplet/no/prototypes_no/npos1/nneg5/protoagg_mean_1/normyes/dist_cosine/knn7/valid_encodings.npz,logs/best_models/otitis_four_class/resnet18/otite_ds_64/USA_Turquie_Chili_GMFUNL/nsize224/fgsm0/ncal0/triplet/no/prototypes_no/npos1/nneg5/protoagg_mean_1/normyes/dist_cosine/knn7/test_encodings.npz,,yes,,0.5134236249100267,0.5134236249100267,0.9858599067410467,0.17766726362967536,0.9837228253380726,0.8787878787878788,0.99980573070613,0.737190082644628,0.6860269360269361,0.9991701510200958,0.12626262626262627,0.24579124579124578,3,KNN (k=3),knn,5,3,KNN (k=3),knn,5,"Banque_Calaman_USA_2020_trie_CM,Banque_Comert_Turquie_2020_jpg,Banque_Viscaino_Chili_2020,GMFUNL_jan2023,inference",inference,inference,"Banque_Calaman_USA_2020_trie_CM,Banque_Comert_Turquie_2020_jpg,Banque_Viscaino_Chili_2020,GMFUNL_jan2023,inference|inference|inference"
e1b2e9f5acd3,otitis_four_class,resnet18,otite_ds_64/USA_Turquie_Chili_GMFUNL,224,0,0,triplet,no,no,1,5,mean,1,yes,euclidean,5,logs/best_models/otitis_four_class/resnet18/otite_ds_64/USA_Turquie_Chili_GMFUNL/nsize224/fgsm0/ncal0/triplet/no/prototypes_no/npos1/nneg5/protoagg_mean_1/normyes/dist_euclidean/knn5,logs/best_models/otitis_four_class/resnet18/otite_ds_64/USA_Turquie_Chili_GMFUNL/nsize224/fgsm0/ncal0/triplet/no/prototypes_no/npos1/nneg5/protoagg_mean_1/normyes/dist_euclidean/knn5/model.pth,logs/best_models/otitis_four_class/resnet18/otite_ds_64/USA_Turquie_Chili_GMFUNL/nsize224/fgsm0/ncal0/triplet/no/prototypes_no/npos1/nneg5/protoagg_mean_1/normyes/dist_euclidean/knn5/prototypes.pkl,logs/best_models/otitis_four_class/resnet18/otite_ds_64/USA_Turquie_Chili_GMFUNL/nsize224/fgsm0/ncal0/triplet/no/prototypes_no/npos1/nneg5/protoagg_mean_1/normyes/dist_euclidean/knn5/train_encodings.npz,logs/best_models/otitis_four_class/resnet18/otite_ds_64/USA_Turquie_Chili_GMFUNL/nsize224/fgsm0/ncal0/triplet/no/prototypes_no/npos1/nneg5/protoagg_mean_1/normyes/dist_euclidean/knn5/valid_encodings.npz,logs/best_models/otitis_four_class/resnet18/otite_ds_64/USA_Turquie_Chili_GMFUNL/nsize224/fgsm0/ncal0/triplet/no/prototypes_no/npos1/nneg5/protoagg_mean_1/normyes/dist_euclidean/knn5/test_encodings.npz,logs/otitis_four_class/8820b85f-3a3e-42a3-a9fd-e2cefdd5c5fa,yes,,0.5606148847051017,0.5606148847051017,0.883595697224212,0.223606797749979,0.8794603020874219,0.8688524590163934,0.9839886786635457,0.8352941176470589,0.788,0.9825679606493583,0.13035965596436047,0.2739856053499154,baseline_rbf_svc,RBF SVC,rbf_svc,2,baseline_rbf_svc,RBF SVC,rbf_svc,2,"Banque_Calaman_USA_2020_trie_CM,Banque_Comert_Turquie_2020_jpg,Banque_Viscaino_Chili_2020,GMFUNL_jan2023,inference",inference,inference,"Banque_Calaman_USA_2020_trie_CM,Banque_Comert_Turquie_2020_jpg,Banque_Viscaino_Chili_2020,GMFUNL_jan2023,inference|inference|inference"
1febd36c6ae8,otitis_four_class,resnet18,otite_ds_64/USA_Turquie_Chili_GMFUNL,224,0,4,arcface,inverseTriplet,batch,1,1,mean,1,yes,cosine,2,logs/best_models/otitis_four_class/resnet18/otite_ds_64/USA_Turquie_Chili_GMFUNL/nsize224/fgsm0/ncal4/arcface/inverseTriplet/prototypes_batch/npos1/nneg1/protoagg_mean_1/normyes/dist_cosine/knn2,logs/best_models/otitis_four_class/resnet18/otite_ds_64/USA_Turquie_Chili_GMFUNL/nsize224/fgsm0/ncal4/arcface/inverseTriplet/prototypes_batch/npos1/nneg1/protoagg_mean_1/normyes/dist_cosine/knn2/model.pth,logs/best_models/otitis_four_class/resnet18/otite_ds_64/USA_Turquie_Chili_GMFUNL/nsize224/fgsm0/ncal4/arcface/inverseTriplet/prototypes_batch/npos1/nneg1/protoagg_mean_1/normyes/dist_cosine/knn2/prototypes.pkl,logs/best_models/otitis_four_class/resnet18/otite_ds_64/USA_Turquie_Chili_GMFUNL/nsize224/fgsm0/ncal4/arcface/inverseTriplet/prototypes_batch/npos1/nneg1/protoagg_mean_1/normyes/dist_cosine/knn2/train_encodings.npz,logs/best_models/otitis_four_class/resnet18/otite_ds_64/USA_Turquie_Chili_GMFUNL/nsize224/fgsm0/ncal4/arcface/inverseTriplet/prototypes_batch/npos1/nneg1/protoagg_mean_1/normyes/dist_cosine/knn2/valid_encodings.npz,logs/best_models/otitis_four_class/resnet18/otite_ds_64/USA_Turquie_Chili_GMFUNL/nsize224/fgsm0/ncal4/arcface/inverseTriplet/prototypes_batch/npos1/nneg1/protoagg_mean_1/normyes/dist_cosine/knn2/test_encodings.npz,,yes,,0.4640954808922571,0.4640954808922571,0.6790196085734902,0.262431940540739,0.6743044296736455,0.8333333333333334,0.7119788599626571,0.7404958677685951,0.7474747474747474,0.7096815243359629,0.16666666666666663,0.3333333333333329,baseline_qda,Quadratic Discriminant,qda,0,baseline_qda,Quadratic Discriminant,qda,0,"Banque_Calaman_USA_2020_trie_CM,Banque_Comert_Turquie_2020_jpg,Banque_Viscaino_Chili_2020,GMFUNL_jan2023,inference",inference,inference,"Banque_Calaman_USA_2020_trie_CM,Banque_Comert_Turquie_2020_jpg,Banque_Viscaino_Chili_2020,GMFUNL_jan2023,inference|inference|inference"
9426d6efd765,otitis_four_class,resnet18,otite_ds_64/USA_Turquie_Chili_GMFUNL,224,0,4,arcface,inverseTriplet,batch,1,1,mean,1,yes,euclidean,8,logs/best_models/otitis_four_class/resnet18/otite_ds_64/USA_Turquie_Chili_GMFUNL/nsize224/fgsm0/ncal4/arcface/inverseTriplet/prototypes_batch/npos1/nneg1/protoagg_mean_1/normyes/dist_euclidean/knn8,logs/best_models/otitis_four_class/resnet18/otite_ds_64/USA_Turquie_Chili_GMFUNL/nsize224/fgsm0/ncal4/arcface/inverseTriplet/prototypes_batch/npos1/nneg1/protoagg_mean_1/normyes/dist_euclidean/knn8/model.pth,logs/best_models/otitis_four_class/resnet18/otite_ds_64/USA_Turquie_Chili_GMFUNL/nsize224/fgsm0/ncal4/arcface/inverseTriplet/prototypes_batch/npos1/nneg1/protoagg_mean_1/normyes/dist_euclidean/knn8/prototypes.pkl,logs/best_models/otitis_four_class/resnet18/otite_ds_64/USA_Turquie_Chili_GMFUNL/nsize224/fgsm0/ncal4/arcface/inverseTriplet/prototypes_batch/npos1/nneg1/protoagg_mean_1/normyes/dist_euclidean/knn8/train_encodings.npz,logs/best_models/otitis_four_class/resnet18/otite_ds_64/USA_Turquie_Chili_GMFUNL/nsize224/fgsm0/ncal4/arcface/inverseTriplet/prototypes_batch/npos1/nneg1/protoagg_mean_1/normyes/dist_euclidean/knn8/valid_encodings.npz,logs/best_models/otitis_four_class/resnet18/otite_ds_64/USA_Turquie_Chili_GMFUNL/nsize224/fgsm0/ncal4/arcface/inverseTriplet/prototypes_batch/npos1/nneg1/protoagg_mean_1/normyes/dist_euclidean/knn8/test_encodings.npz,logs/otitis_four_class/ee892815-6fe0-4b57-8e1b-0204b9ed0698,yes,,,,,,,,,,,,,,,,,,,,,,,,,
e59d91022525,otitis_four_class,resnet18,otite_ds_64/USA_Turquie_Chili_GMFUNL,224,0,4,arcface,inverseTriplet,class,1,1,mean,1,yes,cosine,2,logs/best_models/otitis_four_class/resnet18/otite_ds_64/USA_Turquie_Chili_GMFUNL/nsize224/fgsm0/ncal4/arcface/inverseTriplet/prototypes_class/npos1/nneg1/protoagg_mean_1/normyes/dist_cosine/knn2,logs/best_models/otitis_four_class/resnet18/otite_ds_64/USA_Turquie_Chili_GMFUNL/nsize224/fgsm0/ncal4/arcface/inverseTriplet/prototypes_class/npos1/nneg1/protoagg_mean_1/normyes/dist_cosine/knn2/model.pth,logs/best_models/otitis_four_class/resnet18/otite_ds_64/USA_Turquie_Chili_GMFUNL/nsize224/fgsm0/ncal4/arcface/inverseTriplet/prototypes_class/npos1/nneg1/protoagg_mean_1/normyes/dist_cosine/knn2/prototypes.pkl,logs/best_models/otitis_four_class/resnet18/otite_ds_64/USA_Turquie_Chili_GMFUNL/nsize224/fgsm0/ncal4/arcface/inverseTriplet/prototypes_class/npos1/nneg1/protoagg_mean_1/normyes/dist_cosine/knn2/train_encodings.npz,logs/best_models/otitis_four_class/resnet18/otite_ds_64/USA_Turquie_Chili_GMFUNL/nsize224/fgsm0/ncal4/arcface/inverseTriplet/prototypes_class/npos1/nneg1/protoagg_mean_1/normyes/dist_cosine/knn2/valid_encodings.npz,logs/best_models/otitis_four_class/resnet18/otite_ds_64/USA_Turquie_Chili_GMFUNL/nsize224/fgsm0/ncal4/arcface/inverseTriplet/prototypes_class/npos1/nneg1/protoagg_mean_1/normyes/dist_cosine/knn2/test_encodings.npz,logs/otitis_four_class/f5daea26-d946-4adc-8122-aa3028bfbcb4,yes,,0.4640954808922571,0.4640954808922571,0.6790196085734902,0.262431940540739,0.6743044296736455,0.8333333333333334,0.7119788599626571,0.7404958677685951,0.7474747474747474,0.7096815243359629,0.16666666666666663,0.3333333333333329,baseline_qda,Quadratic Discriminant,qda,0,baseline_qda,Quadratic Discriminant,qda,0,"Banque_Calaman_USA_2020_trie_CM,Banque_Comert_Turquie_2020_jpg,Banque_Viscaino_Chili_2020,GMFUNL_jan2023,inference",inference,inference,"Banque_Calaman_USA_2020_trie_CM,Banque_Comert_Turquie_2020_jpg,Banque_Viscaino_Chili_2020,GMFUNL_jan2023,inference|inference|inference"
506264c9e8a7,otitis_four_class,resnet18,otite_ds_64/USA_Turquie_Chili_GMFUNL,224,0,4,arcface,inverseTriplet,no,1,1,mean,1,yes,cosine,1,logs/best_models/otitis_four_class/resnet18/otite_ds_64/USA_Turquie_Chili_GMFUNL/nsize224/fgsm0/ncal4/arcface/inverseTriplet/prototypes_no/npos1/nneg1/protoagg_mean_1/normyes/dist_cosine/knn1,logs/best_models/otitis_four_class/resnet18/otite_ds_64/USA_Turquie_Chili_GMFUNL/nsize224/fgsm0/ncal4/arcface/inverseTriplet/prototypes_no/npos1/nneg1/protoagg_mean_1/normyes/dist_cosine/knn1/model.pth,logs/best_models/otitis_four_class/resnet18/otite_ds_64/USA_Turquie_Chili_GMFUNL/nsize224/fgsm0/ncal4/arcface/inverseTriplet/prototypes_no/npos1/nneg1/protoagg_mean_1/normyes/dist_cosine/knn1/prototypes.pkl,logs/best_models/otitis_four_class/resnet18/otite_ds_64/USA_Turquie_Chili_GMFUNL/nsize224/fgsm0/ncal4/arcface/inverseTriplet/prototypes_no/npos1/nneg1/protoagg_mean_1/normyes/dist_cosine/knn1/train_encodings.npz,logs/best_models/otitis_four_class/resnet18/otite_ds_64/USA_Turquie_Chili_GMFUNL/nsize224/fgsm0/ncal4/arcface/inverseTriplet/prototypes_no/npos1/nneg1/protoagg_mean_1/normyes/dist_cosine/knn1/valid_encodings.npz,logs/best_models/otitis_four_class/resnet18/otite_ds_64/USA_Turquie_Chili_GMFUNL/nsize224/fgsm0/ncal4/arcface/inverseTriplet/prototypes_no/npos1/nneg1/protoagg_mean_1/normyes/dist_cosine/knn1/test_encodings.npz,,yes,,0.6897979292329923,0.6897979292329923,0.8911933769783165,0.06262242910851495,0.8875518425628173,0.9180327868852459,0.9898004168148279,0.8049019607843136,0.801,0.9884444094608158,0.17110655737704916,0.21657274590163936,16,KNN (k=16),knn,2,16,KNN (k=16),knn,2,"Banque_Calaman_USA_2020_trie_CM,Banque_Comert_Turquie_2020_jpg,Banque_Viscaino_Chili_2020,GMFUNL_jan2023,inference",inference,inference,"Banque_Calaman_USA_2020_trie_CM,Banque_Comert_Turquie_2020_jpg,Banque_Viscaino_Chili_2020,GMFUNL_jan2023,inference|inference|inference"
8ef829faf2a5,otitis_four_class,resnet18,otite_ds_64/USA_Turquie_Chili_GMFUNL,224,0,4,arcface,inverseTriplet,no,1,1,mean,1,yes,cosine,7,logs/best_models/otitis_four_class/resnet18/otite_ds_64/USA_Turquie_Chili_GMFUNL/nsize224/fgsm0/ncal4/arcface/inverseTriplet/prototypes_no/npos1/nneg1/protoagg_mean_1/normyes/dist_cosine/knn7,logs/best_models/otitis_four_class/resnet18/otite_ds_64/USA_Turquie_Chili_GMFUNL/nsize224/fgsm0/ncal4/arcface/inverseTriplet/prototypes_no/npos1/nneg1/protoagg_mean_1/normyes/dist_cosine/knn7/model.pth,logs/best_models/otitis_four_class/resnet18/otite_ds_64/USA_Turquie_Chili_GMFUNL/nsize224/fgsm0/ncal4/arcface/inverseTriplet/prototypes_no/npos1/nneg1/protoagg_mean_1/normyes/dist_cosine/knn7/prototypes.pkl,logs/best_models/otitis_four_class/resnet18/otite_ds_64/USA_Turquie_Chili_GMFUNL/nsize224/fgsm0/ncal4/arcface/inverseTriplet/prototypes_no/npos1/nneg1/protoagg_mean_1/normyes/dist_cosine/knn7/train_encodings.npz,logs/best_models/otitis_four_class/resnet18/otite_ds_64/USA_Turquie_Chili_GMFUNL/nsize224/fgsm0/ncal4/arcface/inverseTriplet/prototypes_no/npos1/nneg1/protoagg_mean_1/normyes/dist_cosine/knn7/valid_encodings.npz,logs/best_models/otitis_four_class/resnet18/otite_ds_64/USA_Turquie_Chili_GMFUNL/nsize224/fgsm0/ncal4/arcface/inverseTriplet/prototypes_no/npos1/nneg1/protoagg_mean_1/normyes/dist_cosine/knn7/test_encodings.npz,,yes,,0.5134236249100267,0.5134236249100267,0.9858599067410467,0.17766726362967536,0.9837228253380726,0.8787878787878788,0.99980573070613,0.737190082644628,0.6860269360269361,0.9991701510200958,0.12626262626262627,0.24579124579124578,3,KNN (k=3),knn,5,3,KNN (k=3),knn,5,"Banque_Calaman_USA_2020_trie_CM,Banque_Comert_Turquie_2020_jpg,Banque_Viscaino_Chili_2020,GMFUNL_jan2023,inference",inference,inference,"Banque_Calaman_USA_2020_trie_CM,Banque_Comert_Turquie_2020_jpg,Banque_Viscaino_Chili_2020,GMFUNL_jan2023,inference|inference|inference"
eade3a8bfe33,otitis_four_class,resnet18,otite_ds_64/USA_Turquie_Chili_GMFUNL,224,0,4,arcface,no,class,1,1,mean,1,yes,none,1,logs/best_models/otitis_four_class/resnet18/otite_ds_64/USA_Turquie_Chili_GMFUNL/nsize224/fgsm0/ncal4/arcface/no/prototypes_class/npos1/nneg1/protoagg_mean_1/normyes/dist_none/knn1,logs/best_models/otitis_four_class/resnet18/otite_ds_64/USA_Turquie_Chili_GMFUNL/nsize224/fgsm0/ncal4/arcface/no/prototypes_class/npos1/nneg1/protoagg_mean_1/normyes/dist_none/knn1/model.pth,logs/best_models/otitis_four_class/resnet18/otite_ds_64/USA_Turquie_Chili_GMFUNL/nsize224/fgsm0/ncal4/arcface/no/prototypes_class/npos1/nneg1/protoagg_mean_1/normyes/dist_none/knn1/prototypes.pkl,logs/best_models/otitis_four_class/resnet18/otite_ds_64/USA_Turquie_Chili_GMFUNL/nsize224/fgsm0/ncal4/arcface/no/prototypes_class/npos1/nneg1/protoagg_mean_1/normyes/dist_none/knn1/train_encodings.npz,logs/best_models/otitis_four_class/resnet18/otite_ds_64/USA_Turquie_Chili_GMFUNL/nsize224/fgsm0/ncal4/arcface/no/prototypes_class/npos1/nneg1/protoagg_mean_1/normyes/dist_none/knn1/valid_encodings.npz,logs/best_models/otitis_four_class/resnet18/otite_ds_64/USA_Turquie_Chili_GMFUNL/nsize224/fgsm0/ncal4/arcface/no/prototypes_class/npos1/nneg1/protoagg_mean_1/normyes/dist_none/knn1/test_encodings.npz,logs/otitis_four_class/85bf5b0d-f9f2-47c8-8bb0-b0e178f6443c,yes,,0.6897979292329923,0.6897979292329923,0.8911933769783165,0.06262242910851495,0.8875518425628173,0.9180327868852459,0.9898004168148279,0.8049019607843136,0.801,0.9884444094608158,0.17110655737704916,0.21657274590163936,16,KNN (k=16),knn,2,16,KNN (k=16),knn,2,"Banque_Calaman_USA_2020_trie_CM,Banque_Comert_Turquie_2020_jpg,Banque_Viscaino_Chili_2020,GMFUNL_jan2023,inference",inference,inference,"Banque_Calaman_USA_2020_trie_CM,Banque_Comert_Turquie_2020_jpg,Banque_Viscaino_Chili_2020,GMFUNL_jan2023,inference|inference|inference"
b106a808dfc5,otitis_four_class,resnet18,otite_ds_64/USA_Turquie_Chili_GMFUNL,224,0,4,arcface,no,no,1,1,mean,1,yes,none,3,logs/best_models/otitis_four_class/resnet18/otite_ds_64/USA_Turquie_Chili_GMFUNL/nsize224/fgsm0/ncal4/arcface/no/prototypes_no/npos1/nneg1/protoagg_mean_1/normyes/dist_none/knn3,logs/best_models/otitis_four_class/resnet18/otite_ds_64/USA_Turquie_Chili_GMFUNL/nsize224/fgsm0/ncal4/arcface/no/prototypes_no/npos1/nneg1/protoagg_mean_1/normyes/dist_none/knn3/model.pth,logs/best_models/otitis_four_class/resnet18/otite_ds_64/USA_Turquie_Chili_GMFUNL/nsize224/fgsm0/ncal4/arcface/no/prototypes_no/npos1/nneg1/protoagg_mean_1/normyes/dist_none/knn3/prototypes.pkl,logs/best_models/otitis_four_class/resnet18/otite_ds_64/USA_Turquie_Chili_GMFUNL/nsize224/fgsm0/ncal4/arcface/no/prototypes_no/npos1/nneg1/protoagg_mean_1/normyes/dist_none/knn3/train_encodings.npz,logs/best_models/otitis_four_class/resnet18/otite_ds_64/USA_Turquie_Chili_GMFUNL/nsize224/fgsm0/ncal4/arcface/no/prototypes_no/npos1/nneg1/protoagg_mean_1/normyes/dist_none/knn3/valid_encodings.npz,logs/best_models/otitis_four_class/resnet18/otite_ds_64/USA_Turquie_Chili_GMFUNL/nsize224/fgsm0/ncal4/arcface/no/prototypes_no/npos1/nneg1/protoagg_mean_1/normyes/dist_none/knn3/test_encodings.npz,logs/otitis_four_class/09c3631d-b972-47ea-ad3c-d317b3d76a97,yes,,0.5004345937369794,0.5004345937369794,0.7689209453734154,0.4131510488465008,0.7657701697886686,0.7878787878787878,0.9703828774218771,0.8644628099173552,0.8434343434343435,0.9689965727061345,0.23821548821548819,0.4511784511784512,18,KNN (k=18),knn,2,18,KNN (k=18),knn,2,"Banque_Calaman_USA_2020_trie_CM,Banque_Comert_Turquie_2020_jpg,Banque_Viscaino_Chili_2020,GMFUNL_jan2023",inference,inference,"Banque_Calaman_USA_2020_trie_CM,Banque_Comert_Turquie_2020_jpg,Banque_Viscaino_Chili_2020,GMFUNL_jan2023|inference|inference"
d48b8af604a5,otitis_four_class,resnet18,otite_ds_64/USA_Turquie_Chili_GMFUNL,224,0,4,ce,inverseTriplet,no,1,1,mean,1,yes,cosine,1,logs/best_models/otitis_four_class/resnet18/otite_ds_64/USA_Turquie_Chili_GMFUNL/nsize224/fgsm0/ncal4/ce/inverseTriplet/prototypes_no/npos1/nneg1/protoagg_mean_1/normyes/dist_cosine/knn1,logs/best_models/otitis_four_class/resnet18/otite_ds_64/USA_Turquie_Chili_GMFUNL/nsize224/fgsm0/ncal4/ce/inverseTriplet/prototypes_no/npos1/nneg1/protoagg_mean_1/normyes/dist_cosine/knn1/model.pth,logs/best_models/otitis_four_class/resnet18/otite_ds_64/USA_Turquie_Chili_GMFUNL/nsize224/fgsm0/ncal4/ce/inverseTriplet/prototypes_no/npos1/nneg1/protoagg_mean_1/normyes/dist_cosine/knn1/prototypes.pkl,logs/best_models/otitis_four_class/resnet18/otite_ds_64/USA_Turquie_Chili_GMFUNL/nsize224/fgsm0/ncal4/ce/inverseTriplet/prototypes_no/npos1/nneg1/protoagg_mean_1/normyes/dist_cosine/knn1/train_encodings.npz,logs/best_models/otitis_four_class/resnet18/otite_ds_64/USA_Turquie_Chili_GMFUNL/nsize224/fgsm0/ncal4/ce/inverseTriplet/prototypes_no/npos1/nneg1/protoagg_mean_1/normyes/dist_cosine/knn1/valid_encodings.npz,logs/best_models/otitis_four_class/resnet18/otite_ds_64/USA_Turquie_Chili_GMFUNL/nsize224/fgsm0/ncal4/ce/inverseTriplet/prototypes_no/npos1/nneg1/protoagg_mean_1/normyes/dist_cosine/knn1/test_encodings.npz,logs/otitis_four_class/5cc142bf-9b8a-4819-8284-023eea7631e0,yes,,0.6897979292329923,0.6897979292329923,0.8911933769783165,0.06262242910851495,0.8875518425628173,0.9180327868852459,0.9898004168148279,0.8049019607843136,0.801,0.9884444094608158,0.17110655737704916,0.21657274590163936,16,KNN (k=16),knn,2,16,KNN (k=16),knn,2,"Banque_Calaman_USA_2020_trie_CM,Banque_Comert_Turquie_2020_jpg,Banque_Viscaino_Chili_2020,GMFUNL_jan2023,inference",inference,inference,"Banque_Calaman_USA_2020_trie_CM,Banque_Comert_Turquie_2020_jpg,Banque_Viscaino_Chili_2020,GMFUNL_jan2023,inference|inference|inference"
84d3717f0187,otitis_four_class,resnet18,otite_ds_64/USA_Turquie_Chili_GMFUNL,224,0,4,ce,inverseTriplet,no,1,1,mean,1,yes,cosine,7,logs/best_models/otitis_four_class/resnet18/otite_ds_64/USA_Turquie_Chili_GMFUNL/nsize224/fgsm0/ncal4/ce/inverseTriplet/prototypes_no/npos1/nneg1/protoagg_mean_1/normyes/dist_cosine/knn7,logs/best_models/otitis_four_class/resnet18/otite_ds_64/USA_Turquie_Chili_GMFUNL/nsize224/fgsm0/ncal4/ce/inverseTriplet/prototypes_no/npos1/nneg1/protoagg_mean_1/normyes/dist_cosine/knn7/model.pth,logs/best_models/otitis_four_class/resnet18/otite_ds_64/USA_Turquie_Chili_GMFUNL/nsize224/fgsm0/ncal4/ce/inverseTriplet/prototypes_no/npos1/nneg1/protoagg_mean_1/normyes/dist_cosine/knn7/prototypes.pkl,logs/best_models/otitis_four_class/resnet18/otite_ds_64/USA_Turquie_Chili_GMFUNL/nsize224/fgsm0/ncal4/ce/inverseTriplet/prototypes_no/npos1/nneg1/protoagg_mean_1/normyes/dist_cosine/knn7/train_encodings.npz,logs/best_models/otitis_four_class/resnet18/otite_ds_64/USA_Turquie_Chili_GMFUNL/nsize224/fgsm0/ncal4/ce/inverseTriplet/prototypes_no/npos1/nneg1/protoagg_mean_1/normyes/dist_cosine/knn7/valid_encodings.npz,logs/best_models/otitis_four_class/resnet18/otite_ds_64/USA_Turquie_Chili_GMFUNL/nsize224/fgsm0/ncal4/ce/inverseTriplet/prototypes_no/npos1/nneg1/protoagg_mean_1/normyes/dist_cosine/knn7/test_encodings.npz,logs/otitis_four_class/d1e11a4c-81d3-4880-9a1d-4f3ffa7557a9,yes,,0.5134236249100267,0.5134236249100267,0.9858599067410467,0.17766726362967536,0.9837228253380726,0.8787878787878788,0.99980573070613,0.737190082644628,0.6860269360269361,0.9991701510200958,0.12626262626262627,0.24579124579124578,3,KNN (k=3),knn,5,3,KNN (k=3),knn,5,"Banque_Calaman_USA_2020_trie_CM,Banque_Comert_Turquie_2020_jpg,Banque_Viscaino_Chili_2020,GMFUNL_jan2023,inference",inference,inference,"Banque_Calaman_USA_2020_trie_CM,Banque_Comert_Turquie_2020_jpg,Banque_Viscaino_Chili_2020,GMFUNL_jan2023,inference|inference|inference"
bd96148ad48b,otitis_four_class,resnet18,otite_ds_64/USA_Turquie_Chili_GMFUNL,224,0,4,ce,no,no,1,1,mean,1,yes,none,0,logs/best_models/otitis_four_class/resnet18/otite_ds_64/USA_Turquie_Chili_GMFUNL/nsize224/fgsm0/ncal4/ce/no/prototypes_no/npos1/nneg1/protoagg_mean_1/normyes/dist_none/knn0,logs/best_models/otitis_four_class/resnet18/otite_ds_64/USA_Turquie_Chili_GMFUNL/nsize224/fgsm0/ncal4/ce/no/prototypes_no/npos1/nneg1/protoagg_mean_1/normyes/dist_none/knn0/model.pth,logs/best_models/otitis_four_class/resnet18/otite_ds_64/USA_Turquie_Chili_GMFUNL/nsize224/fgsm0/ncal4/ce/no/prototypes_no/npos1/nneg1/protoagg_mean_1/normyes/dist_none/knn0/prototypes.pkl,logs/best_models/otitis_four_class/resnet18/otite_ds_64/USA_Turquie_Chili_GMFUNL/nsize224/fgsm0/ncal4/ce/no/prototypes_no/npos1/nneg1/protoagg_mean_1/normyes/dist_none/knn0/train_encodings.npz,logs/best_models/otitis_four_class/resnet18/otite_ds_64/USA_Turquie_Chili_GMFUNL/nsize224/fgsm0/ncal4/ce/no/prototypes_no/npos1/nneg1/protoagg_mean_1/normyes/dist_none/knn0/valid_encodings.npz,logs/best_models/otitis_four_class/resnet18/otite_ds_64/USA_Turquie_Chili_GMFUNL/nsize224/fgsm0/ncal4/ce/no/prototypes_no/npos1/nneg1/protoagg_mean_1/normyes/dist_none/knn0/test_encodings.npz,logs/otitis_four_class/fef52f46-ca61-4def-955d-64f57592f88f,yes,,0.6411764705882353,0.6411764705882353,0.8004249040921414,0.4815713303308872,0.7999025178570875,0.9016393442622951,0.9045694379907955,0.8235294117647058,0.8,0.9039541702426845,0.02084226628441288,0.17824047440884797,protot_kmeans_4,Prototype: KMEANS (n_comp=4),kmeans,2,protot_kmeans_4,Prototype: KMEANS (n_comp=4),kmeans,2,"Banque_Calaman_USA_2020_trie_CM,Banque_Comert_Turquie_2020_jpg,Banque_Viscaino_Chili_2020,GMFUNL_jan2023,inference",inference,inference,"Banque_Calaman_USA_2020_trie_CM,Banque_Comert_Turquie_2020_jpg,Banque_Viscaino_Chili_2020,GMFUNL_jan2023,inference|inference|inference"
435581bd5585,otitis_four_class,resnet18,otite_ds_64/USA_Turquie_Chili_GMFUNL,224,0,4,hinge,inverseTriplet,no,1,1,mean,1,yes,cosine,1,logs/best_models/otitis_four_class/resnet18/otite_ds_64/USA_Turquie_Chili_GMFUNL/nsize224/fgsm0/ncal4/hinge/inverseTriplet/prototypes_no/npos1/nneg1/protoagg_mean_1/normyes/dist_cosine/knn1,logs/best_models/otitis_four_class/resnet18/otite_ds_64/USA_Turquie_Chili_GMFUNL/nsize224/fgsm0/ncal4/hinge/inverseTriplet/prototypes_no/npos1/nneg1/protoagg_mean_1/normyes/dist_cosine/knn1/model.pth,logs/best_models/otitis_four_class/resnet18/otite_ds_64/USA_Turquie_Chili_GMFUNL/nsize224/fgsm0/ncal4/hinge/inverseTriplet/prototypes_no/npos1/nneg1/protoagg_mean_1/normyes/dist_cosine/knn1/prototypes.pkl,logs/best_models/otitis_four_class/resnet18/otite_ds_64/USA_Turquie_Chili_GMFUNL/nsize224/fgsm0/ncal4/hinge/inverseTriplet/prototypes_no/npos1/nneg1/protoagg_mean_1/normyes/dist_cosine/knn1/train_encodings.npz,logs/best_models/otitis_four_class/resnet18/otite_ds_64/USA_Turquie_Chili_GMFUNL/nsize224/fgsm0/ncal4/hinge/inverseTriplet/prototypes_no/npos1/nneg1/protoagg_mean_1/normyes/dist_cosine/knn1/valid_encodings.npz,logs/best_models/otitis_four_class/resnet18/otite_ds_64/USA_Turquie_Chili_GMFUNL/nsize224/fgsm0/ncal4/hinge/inverseTriplet/prototypes_no/npos1/nneg1/protoagg_mean_1/normyes/dist_cosine/knn1/test_encodings.npz,,yes,,0.6897979292329923,0.6897979292329923,0.8911933769783165,0.06262242910851495,0.8875518425628173,0.9180327868852459,0.9898004168148279,0.8049019607843136,0.801,0.9884444094608158,0.17110655737704916,0.21657274590163936,16,KNN (k=16),knn,2,16,KNN (k=16),knn,2,"Banque_Calaman_USA_2020_trie_CM,Banque_Comert_Turquie_2020_jpg,Banque_Viscaino_Chili_2020,GMFUNL_jan2023,inference",inference,inference,"Banque_Calaman_USA_2020_trie_CM,Banque_Comert_Turquie_2020_jpg,Banque_Viscaino_Chili_2020,GMFUNL_jan2023,inference|inference|inference"
19d6f4bac28f,otitis_four_class,resnet18,otite_ds_64/USA_Turquie_Chili_GMFUNL,224,0,4,hinge,inverseTriplet,no,1,1,mean,1,yes,cosine,7,logs/best_models/otitis_four_class/resnet18/otite_ds_64/USA_Turquie_Chili_GMFUNL/nsize224/fgsm0/ncal4/hinge/inverseTriplet/prototypes_no/npos1/nneg1/protoagg_mean_1/normyes/dist_cosine/knn7,logs/best_models/otitis_four_class/resnet18/otite_ds_64/USA_Turquie_Chili_GMFUNL/nsize224/fgsm0/ncal4/hinge/inverseTriplet/prototypes_no/npos1/nneg1/protoagg_mean_1/normyes/dist_cosine/knn7/model.pth,logs/best_models/otitis_four_class/resnet18/otite_ds_64/USA_Turquie_Chili_GMFUNL/nsize224/fgsm0/ncal4/hinge/inverseTriplet/prototypes_no/npos1/nneg1/protoagg_mean_1/normyes/dist_cosine/knn7/prototypes.pkl,logs/best_models/otitis_four_class/resnet18/otite_ds_64/USA_Turquie_Chili_GMFUNL/nsize224/fgsm0/ncal4/hinge/inverseTriplet/prototypes_no/npos1/nneg1/protoagg_mean_1/normyes/dist_cosine/knn7/train_encodings.npz,logs/best_models/otitis_four_class/resnet18/otite_ds_64/USA_Turquie_Chili_GMFUNL/nsize224/fgsm0/ncal4/hinge/inverseTriplet/prototypes_no/npos1/nneg1/protoagg_mean_1/normyes/dist_cosine/knn7/valid_encodings.npz,logs/best_models/otitis_four_class/resnet18/otite_ds_64/USA_Turquie_Chili_GMFUNL/nsize224/fgsm0/ncal4/hinge/inverseTriplet/prototypes_no/npos1/nneg1/protoagg_mean_1/normyes/dist_cosine/knn7/test_encodings.npz,,yes,,0.5134236249100267,0.5134236249100267,0.9858599067410467,0.17766726362967536,0.9837228253380726,0.8787878787878788,0.99980573070613,0.737190082644628,0.6860269360269361,0.9991701510200958,0.12626262626262627,0.24579124579124578,3,KNN (k=3),knn,5,3,KNN (k=3),knn,5,"Banque_Calaman_USA_2020_trie_CM,Banque_Comert_Turquie_2020_jpg,Banque_Viscaino_Chili_2020,GMFUNL_jan2023,inference",inference,inference,"Banque_Calaman_USA_2020_trie_CM,Banque_Comert_Turquie_2020_jpg,Banque_Viscaino_Chili_2020,GMFUNL_jan2023,inference|inference|inference"
d04b9b11f97d,otitis_four_class,resnet18,otite_ds_64/USA_Turquie_Chili_GMFUNL,224,0,4,hinge,no,no,1,1,mean,1,yes,none,0,logs/best_models/otitis_four_class/resnet18/otite_ds_64/USA_Turquie_Chili_GMFUNL/nsize224/fgsm0/ncal4/hinge/no/prototypes_no/npos1/nneg1/protoagg_mean_1/normyes/dist_none/knn0,logs/best_models/otitis_four_class/resnet18/otite_ds_64/USA_Turquie_Chili_GMFUNL/nsize224/fgsm0/ncal4/hinge/no/prototypes_no/npos1/nneg1/protoagg_mean_1/normyes/dist_none/knn0/model.pth,logs/best_models/otitis_four_class/resnet18/otite_ds_64/USA_Turquie_Chili_GMFUNL/nsize224/fgsm0/ncal4/hinge/no/prototypes_no/npos1/nneg1/protoagg_mean_1/normyes/dist_none/knn0/prototypes.pkl,logs/best_models/otitis_four_class/resnet18/otite_ds_64/USA_Turquie_Chili_GMFUNL/nsize224/fgsm0/ncal4/hinge/no/prototypes_no/npos1/nneg1/protoagg_mean_1/normyes/dist_none/knn0/train_encodings.npz,logs/best_models/otitis_four_class/resnet18/otite_ds_64/USA_Turquie_Chili_GMFUNL/nsize224/fgsm0/ncal4/hinge/no/prototypes_no/npos1/nneg1/protoagg_mean_1/normyes/dist_none/knn0/valid_encodings.npz,logs/best_models/otitis_four_class/resnet18/otite_ds_64/USA_Turquie_Chili_GMFUNL/nsize224/fgsm0/ncal4/hinge/no/prototypes_no/npos1/nneg1/protoagg_mean_1/normyes/dist_none/knn0/test_encodings.npz,,yes,,0.6411764705882353,0.6411764705882353,0.8004249040921414,0.4815713303308872,0.7999025178570875,0.9016393442622951,0.9045694379907955,0.8235294117647058,0.8,0.9039541702426845,0.02084226628441288,0.17824047440884797,protot_kmeans_4,Prototype: KMEANS (n_comp=4),kmeans,2,protot_kmeans_4,Prototype: KMEANS (n_comp=4),kmeans,2,"Banque_Calaman_USA_2020_trie_CM,Banque_Comert_Turquie_2020_jpg,Banque_Viscaino_Chili_2020,GMFUNL_jan2023,inference",inference,inference,"Banque_Calaman_USA_2020_trie_CM,Banque_Comert_Turquie_2020_jpg,Banque_Viscaino_Chili_2020,GMFUNL_jan2023,inference|inference|inference"
89576ae42b45,otitis_four_class,resnet18,otite_ds_64/USA_Turquie_Chili_GMFUNL,224,0,4,softmax_contrastive,inverseTriplet,no,1,1,mean,1,yes,cosine,3,logs/best_models/otitis_four_class/resnet18/otite_ds_64/USA_Turquie_Chili_GMFUNL/nsize224/fgsm0/ncal4/softmax_contrastive/inverseTriplet/prototypes_no/npos1/nneg1/protoagg_mean_1/normyes/dist_cosine/knn3,logs/best_models/otitis_four_class/resnet18/otite_ds_64/USA_Turquie_Chili_GMFUNL/nsize224/fgsm0/ncal4/softmax_contrastive/inverseTriplet/prototypes_no/npos1/nneg1/protoagg_mean_1/normyes/dist_cosine/knn3/model.pth,logs/best_models/otitis_four_class/resnet18/otite_ds_64/USA_Turquie_Chili_GMFUNL/nsize224/fgsm0/ncal4/softmax_contrastive/inverseTriplet/prototypes_no/npos1/nneg1/protoagg_mean_1/normyes/dist_cosine/knn3/prototypes.pkl,logs/best_models/otitis_four_class/resnet18/otite_ds_64/USA_Turquie_Chili_GMFUNL/nsize224/fgsm0/ncal4/softmax_contrastive/inverseTriplet/prototypes_no/npos1/nneg1/protoagg_mean_1/normyes/dist_cosine/knn3/train_encodings.npz,logs/best_models/otitis_four_class/resnet18/otite_ds_64/USA_Turquie_Chili_GMFUNL/nsize224/fgsm0/ncal4/softmax_contrastive/inverseTriplet/prototypes_no/npos1/nneg1/protoagg_mean_1/normyes/dist_cosine/knn3/valid_encodings.npz,logs/best_models/otitis_four_class/resnet18/otite_ds_64/USA_Turquie_Chili_GMFUNL/nsize224/fgsm0/ncal4/softmax_contrastive/inverseTriplet/prototypes_no/npos1/nneg1/protoagg_mean_1/normyes/dist_cosine/knn3/test_encodings.npz,,yes,,0.5004345937369794,0.5004345937369794,0.7689209453734154,0.4131510488465008,0.7657701697886686,0.7878787878787878,0.9703828774218771,0.8644628099173552,0.8434343434343435,0.9689965727061345,0.23821548821548819,0.4511784511784512,18,KNN (k=18),knn,2,18,KNN (k=18),knn,2,"Banque_Calaman_USA_2020_trie_CM,Banque_Comert_Turquie_2020_jpg,Banque_Viscaino_Chili_2020,GMFUNL_jan2023",inference,inference,"Banque_Calaman_USA_2020_trie_CM,Banque_Comert_Turquie_2020_jpg,Banque_Viscaino_Chili_2020,GMFUNL_jan2023|inference|inference"
0575710fb873,otitis_four_class,resnet18,otite_ds_64/USA_Turquie_Chili_GMFUNL,224,0,4,softmax_contrastive,no,no,1,1,mean,1,yes,cosine,7,logs/best_models/otitis_four_class/resnet18/otite_ds_64/USA_Turquie_Chili_GMFUNL/nsize224/fgsm0/ncal4/softmax_contrastive/no/prototypes_no/npos1/nneg1/protoagg_mean_1/normyes/dist_cosine/knn7,logs/best_models/otitis_four_class/resnet18/otite_ds_64/USA_Turquie_Chili_GMFUNL/nsize224/fgsm0/ncal4/softmax_contrastive/no/prototypes_no/npos1/nneg1/protoagg_mean_1/normyes/dist_cosine/knn7/model.pth,logs/best_models/otitis_four_class/resnet18/otite_ds_64/USA_Turquie_Chili_GMFUNL/nsize224/fgsm0/ncal4/softmax_contrastive/no/prototypes_no/npos1/nneg1/protoagg_mean_1/normyes/dist_cosine/knn7/prototypes.pkl,logs/best_models/otitis_four_class/resnet18/otite_ds_64/USA_Turquie_Chili_GMFUNL/nsize224/fgsm0/ncal4/softmax_contrastive/no/prototypes_no/npos1/nneg1/protoagg_mean_1/normyes/dist_cosine/knn7/train_encodings.npz,logs/best_models/otitis_four_class/resnet18/otite_ds_64/USA_Turquie_Chili_GMFUNL/nsize224/fgsm0/ncal4/softmax_contrastive/no/prototypes_no/npos1/nneg1/protoagg_mean_1/normyes/dist_cosine/knn7/valid_encodings.npz,logs/best_models/otitis_four_class/resnet18/otite_ds_64/USA_Turquie_Chili_GMFUNL/nsize224/fgsm0/ncal4/softmax_contrastive/no/prototypes_no/npos1/nneg1/protoagg_mean_1/normyes/dist_cosine/knn7/test_encodings.npz,logs/otitis_four_class/1ccf6870-703b-4b34-8905-beb493b2bcc2,yes,,0.5134236249100267,0.5134236249100267,0.9858599067410467,0.17766726362967536,0.9837228253380726,0.8787878787878788,0.99980573070613,0.737190082644628,0.6860269360269361,0.9991701510200958,0.12626262626262627,0.24579124579124578,3,KNN (k=3),knn,5,3,KNN (k=3),knn,5,"Banque_Calaman_USA_2020_trie_CM,Banque_Comert_Turquie_2020_jpg,Banque_Viscaino_Chili_2020,GMFUNL_jan2023,inference",inference,inference,"Banque_Calaman_USA_2020_trie_CM,Banque_Comert_Turquie_2020_jpg,Banque_Viscaino_Chili_2020,GMFUNL_jan2023,inference|inference|inference"
186b2ece32c0,otitis_four_class,resnet18,otite_ds_64/USA_Turquie_Chili_GMFUNL,224,0,4,triplet,inverseTriplet,batch,1,1,mean,1,yes,cosine,2,logs/best_models/otitis_four_class/resnet18/otite_ds_64/USA_Turquie_Chili_GMFUNL/nsize224/fgsm0/ncal4/triplet/inverseTriplet/prototypes_batch/npos1/nneg1/protoagg_mean_1/normyes/dist_cosine/knn2,logs/best_models/otitis_four_class/resnet18/otite_ds_64/USA_Turquie_Chili_GMFUNL/nsize224/fgsm0/ncal4/triplet/inverseTriplet/prototypes_batch/npos1/nneg1/protoagg_mean_1/normyes/dist_cosine/knn2/model.pth,logs/best_models/otitis_four_class/resnet18/otite_ds_64/USA_Turquie_Chili_GMFUNL/nsize224/fgsm0/ncal4/triplet/inverseTriplet/prototypes_batch/npos1/nneg1/protoagg_mean_1/normyes/dist_cosine/knn2/prototypes.pkl,logs/best_models/otitis_four_class/resnet18/otite_ds_64/USA_Turquie_Chili_GMFUNL/nsize224/fgsm0/ncal4/triplet/inverseTriplet/prototypes_batch/npos1/nneg1/protoagg_mean_1/normyes/dist_cosine/knn2/train_encodings.npz,logs/best_models/otitis_four_class/resnet18/otite_ds_64/USA_Turquie_Chili_GMFUNL/nsize224/fgsm0/ncal4/triplet/inverseTriplet/prototypes_batch/npos1/nneg1/protoagg_mean_1/normyes/dist_cosine/knn2/valid_encodings.npz,logs/best_models/otitis_four_class/resnet18/otite_ds_64/USA_Turquie_Chili_GMFUNL/nsize224/fgsm0/ncal4/triplet/inverseTriplet/prototypes_batch/npos1/nneg1/protoagg_mean_1/normyes/dist_cosine/knn2/test_encodings.npz,,yes,,0.4640954808922571,0.4640954808922571,0.6790196085734902,0.262431940540739,0.6743044296736455,0.8333333333333334,0.7119788599626571,0.7404958677685951,0.7474747474747474,0.7096815243359629,0.16666666666666663,0.3333333333333329,baseline_qda,Quadratic Discriminant,qda,0,baseline_qda,Quadratic Discriminant,qda,0,"Banque_Calaman_USA_2020_trie_CM,Banque_Comert_Turquie_2020_jpg,Banque_Viscaino_Chili_2020,GMFUNL_jan2023,inference",inference,inference,"Banque_Calaman_USA_2020_trie_CM,Banque_Comert_Turquie_2020_jpg,Banque_Viscaino_Chili_2020,GMFUNL_jan2023,inference|inference|inference"
67d7d6afc006,otitis_four_class,resnet18,otite_ds_64/USA_Turquie_Chili_GMFUNL,224,0,4,triplet,inverseTriplet,batch,1,1,mean,1,yes,euclidean,4,logs/best_models/otitis_four_class/resnet18/otite_ds_64/USA_Turquie_Chili_GMFUNL/nsize224/fgsm0/ncal4/triplet/inverseTriplet/prototypes_batch/npos1/nneg1/protoagg_mean_1/normyes/dist_euclidean/knn4,logs/best_models/otitis_four_class/resnet18/otite_ds_64/USA_Turquie_Chili_GMFUNL/nsize224/fgsm0/ncal4/triplet/inverseTriplet/prototypes_batch/npos1/nneg1/protoagg_mean_1/normyes/dist_euclidean/knn4/model.pth,logs/best_models/otitis_four_class/resnet18/otite_ds_64/USA_Turquie_Chili_GMFUNL/nsize224/fgsm0/ncal4/triplet/inverseTriplet/prototypes_batch/npos1/nneg1/protoagg_mean_1/normyes/dist_euclidean/knn4/prototypes.pkl,logs/best_models/otitis_four_class/resnet18/otite_ds_64/USA_Turquie_Chili_GMFUNL/nsize224/fgsm0/ncal4/triplet/inverseTriplet/prototypes_batch/npos1/nneg1/protoagg_mean_1/normyes/dist_euclidean/knn4/train_encodings.npz,logs/best_models/otitis_four_class/resnet18/otite_ds_64/USA_Turquie_Chili_GMFUNL/nsize224/fgsm0/ncal4/triplet/inverseTriplet/prototypes_batch/npos1/nneg1/protoagg_mean_1/normyes/dist_euclidean/knn4/valid_encodings.npz,logs/best_models/otitis_four_class/resnet18/otite_ds_64/USA_Turquie_Chili_GMFUNL/nsize224/fgsm0/ncal4/triplet/inverseTriplet/prototypes_batch/npos1/nneg1/protoagg_mean_1/normyes/dist_euclidean/knn4/test_encodings.npz,,yes,,0.4516599046208679,0.4516599046208679,0.6640147519836538,0.3024184476928859,0.6620021147003533,0.7272727272727273,0.9103254055122572,0.834710743801653,0.5101010101010102,0.9089654966095253,0.05866119780770686,0.42591809103426337,protot_gmm_4,Prototype: GMM (n_comp=4),gmm,2,protot_gmm_4,Prototype: GMM (n_comp=4),gmm,2,"Banque_Calaman_USA_2020_trie_CM,Banque_Comert_Turquie_2020_jpg,Banque_Viscaino_Chili_2020,GMFUNL_jan2023",inference,inference,"Banque_Calaman_USA_2020_trie_CM,Banque_Comert_Turquie_2020_jpg,Banque_Viscaino_Chili_2020,GMFUNL_jan2023|inference|inference"
ec475820e7c2,otitis_four_class,resnet18,otite_ds_64/USA_Turquie_Chili_GMFUNL,224,0,4,triplet,inverseTriplet,class,1,1,mean,1,yes,cosine,2,logs/best_models/otitis_four_class/resnet18/otite_ds_64/USA_Turquie_Chili_GMFUNL/nsize224/fgsm0/ncal4/triplet/inverseTriplet/prototypes_class/npos1/nneg1/protoagg_mean_1/normyes/dist_cosine/knn2,logs/best_models/otitis_four_class/resnet18/otite_ds_64/USA_Turquie_Chili_GMFUNL/nsize224/fgsm0/ncal4/triplet/inverseTriplet/prototypes_class/npos1/nneg1/protoagg_mean_1/normyes/dist_cosine/knn2/model.pth,logs/best_models/otitis_four_class/resnet18/otite_ds_64/USA_Turquie_Chili_GMFUNL/nsize224/fgsm0/ncal4/triplet/inverseTriplet/prototypes_class/npos1/nneg1/protoagg_mean_1/normyes/dist_cosine/knn2/prototypes.pkl,logs/best_models/otitis_four_class/resnet18/otite_ds_64/USA_Turquie_Chili_GMFUNL/nsize224/fgsm0/ncal4/triplet/inverseTriplet/prototypes_class/npos1/nneg1/protoagg_mean_1/normyes/dist_cosine/knn2/train_encodings.npz,logs/best_models/otitis_four_class/resnet18/otite_ds_64/USA_Turquie_Chili_GMFUNL/nsize224/fgsm0/ncal4/triplet/inverseTriplet/prototypes_class/npos1/nneg1/protoagg_mean_1/normyes/dist_cosine/knn2/valid_encodings.npz,logs/best_models/otitis_four_class/resnet18/otite_ds_64/USA_Turquie_Chili_GMFUNL/nsize224/fgsm0/ncal4/triplet/inverseTriplet/prototypes_class/npos1/nneg1/protoagg_mean_1/normyes/dist_cosine/knn2/test_encodings.npz,,yes,,0.4640954808922571,0.4640954808922571,0.6790196085734902,0.262431940540739,0.6743044296736455,0.8333333333333334,0.7119788599626571,0.7404958677685951,0.7474747474747474,0.7096815243359629,0.16666666666666663,0.3333333333333329,baseline_qda,Quadratic Discriminant,qda,0,baseline_qda,Quadratic Discriminant,qda,0,"Banque_Calaman_USA_2020_trie_CM,Banque_Comert_Turquie_2020_jpg,Banque_Viscaino_Chili_2020,GMFUNL_jan2023,inference",inference,inference,"Banque_Calaman_USA_2020_trie_CM,Banque_Comert_Turquie_2020_jpg,Banque_Viscaino_Chili_2020,GMFUNL_jan2023,inference|inference|inference"
43ca4b774050,otitis_four_class,resnet18,otite_ds_64/USA_Turquie_Chili_GMFUNL,224,0,4,triplet,inverseTriplet,class,1,1,mean,1,yes,euclidean,4,logs/best_models/otitis_four_class/resnet18/otite_ds_64/USA_Turquie_Chili_GMFUNL/nsize224/fgsm0/ncal4/triplet/inverseTriplet/prototypes_class/npos1/nneg1/protoagg_mean_1/normyes/dist_euclidean/knn4,logs/best_models/otitis_four_class/resnet18/otite_ds_64/USA_Turquie_Chili_GMFUNL/nsize224/fgsm0/ncal4/triplet/inverseTriplet/prototypes_class/npos1/nneg1/protoagg_mean_1/normyes/dist_euclidean/knn4/model.pth,logs/best_models/otitis_four_class/resnet18/otite_ds_64/USA_Turquie_Chili_GMFUNL/nsize224/fgsm0/ncal4/triplet/inverseTriplet/prototypes_class/npos1/nneg1/protoagg_mean_1/normyes/dist_euclidean/knn4/prototypes.pkl,logs/best_models/otitis_four_class/resnet18/otite_ds_64/USA_Turquie_Chili_GMFUNL/nsize224/fgsm0/ncal4/triplet/inverseTriplet/prototypes_class/npos1/nneg1/protoagg_mean_1/normyes/dist_euclidean/knn4/train_encodings.npz,logs/best_models/otitis_four_class/resnet18/otite_ds_64/USA_Turquie_Chili_GMFUNL/nsize224/fgsm0/ncal4/triplet/inverseTriplet/prototypes_class/npos1/nneg1/protoagg_mean_1/normyes/dist_euclidean/knn4/valid_encodings.npz,logs/best_models/otitis_four_class/resnet18/otite_ds_64/USA_Turquie_Chili_GMFUNL/nsize224/fgsm0/ncal4/triplet/inverseTriplet/prototypes_class/npos1/nneg1/protoagg_mean_1/normyes/dist_euclidean/knn4/test_encodings.npz,logs/otitis_four_class/c72b4add-16e9-47c0-9f5f-8bfc313622f7,yes,,0.4516599046208679,0.4516599046208679,0.6640147519836538,0.3024184476928859,0.6620021147003533,0.7272727272727273,0.9103254055122572,0.834710743801653,0.5101010101010102,0.9089654966095253,0.05866119780770686,0.42591809103426337,protot_gmm_4,Prototype: GMM (n_comp=4),gmm,2,protot_gmm_4,Prototype: GMM (n_comp=4),gmm,2,"Banque_Calaman_USA_2020_trie_CM,Banque_Comert_Turquie_2020_jpg,Banque_Viscaino_Chili_2020,GMFUNL_jan2023",inference,inference,"Banque_Calaman_USA_2020_trie_CM,Banque_Comert_Turquie_2020_jpg,Banque_Viscaino_Chili_2020,GMFUNL_jan2023|inference|inference"
88651a4f7c36,otitis_four_class,resnet18,otite_ds_64/USA_Turquie_Chili_GMFUNL,224,0,4,triplet,inverseTriplet,no,1,1,mean,1,yes,cosine,3,logs/best_models/otitis_four_class/resnet18/otite_ds_64/USA_Turquie_Chili_GMFUNL/nsize224/fgsm0/ncal4/triplet/inverseTriplet/prototypes_no/npos1/nneg1/protoagg_mean_1/normyes/dist_cosine/knn3,logs/best_models/otitis_four_class/resnet18/otite_ds_64/USA_Turquie_Chili_GMFUNL/nsize224/fgsm0/ncal4/triplet/inverseTriplet/prototypes_no/npos1/nneg1/protoagg_mean_1/normyes/dist_cosine/knn3/model.pth,logs/best_models/otitis_four_class/resnet18/otite_ds_64/USA_Turquie_Chili_GMFUNL/nsize224/fgsm0/ncal4/triplet/inverseTriplet/prototypes_no/npos1/nneg1/protoagg_mean_1/normyes/dist_cosine/knn3/prototypes.pkl,logs/best_models/otitis_four_class/resnet18/otite_ds_64/USA_Turquie_Chili_GMFUNL/nsize224/fgsm0/ncal4/triplet/inverseTriplet/prototypes_no/npos1/nneg1/protoagg_mean_1/normyes/dist_cosine/knn3/train_encodings.npz,logs/best_models/otitis_four_class/resnet18/otite_ds_64/USA_Turquie_Chili_GMFUNL/nsize224/fgsm0/ncal4/triplet/inverseTriplet/prototypes_no/npos1/nneg1/protoagg_mean_1/normyes/dist_cosine/knn3/valid_encodings.npz,logs/best_models/otitis_four_class/resnet18/otite_ds_64/USA_Turquie_Chili_GMFUNL/nsize224/fgsm0/ncal4/triplet/inverseTriplet/prototypes_no/npos1/nneg1/protoagg_mean_1/normyes/dist_cosine/knn3/test_encodings.npz,logs/otitis_four_class/2c0fae2a-c841-4659-abde-dd724d937fdc,yes,,0.5004345937369794,0.5004345937369794,0.7689209453734154,0.4131510488465008,0.7657701697886686,0.7878787878787878,0.9703828774218771,0.8644628099173552,0.8434343434343435,0.9689965727061345,0.23821548821548819,0.4511784511784512,18,KNN (k=18),knn,2,18,KNN (k=18),knn,2,"Banque_Calaman_USA_2020_trie_CM,Banque_Comert_Turquie_2020_jpg,Banque_Viscaino_Chili_2020,GMFUNL_jan2023",inference,inference,"Banque_Calaman_USA_2020_trie_CM,Banque_Comert_Turquie_2020_jpg,Banque_Viscaino_Chili_2020,GMFUNL_jan2023|inference|inference"
d0983bb0c89a,otitis_four_class,resnet18,otite_ds_64/USA_Turquie_Chili_GMFUNL,224,0,4,triplet,inverseTriplet,no,1,5,mean,1,yes,cosine,3,logs/best_models/otitis_four_class/resnet18/otite_ds_64/USA_Turquie_Chili_GMFUNL/nsize224/fgsm0/ncal4/triplet/inverseTriplet/prototypes_no/npos1/nneg5/protoagg_mean_1/normyes/dist_cosine/knn3,logs/best_models/otitis_four_class/resnet18/otite_ds_64/USA_Turquie_Chili_GMFUNL/nsize224/fgsm0/ncal4/triplet/inverseTriplet/prototypes_no/npos1/nneg5/protoagg_mean_1/normyes/dist_cosine/knn3/model.pth,logs/best_models/otitis_four_class/resnet18/otite_ds_64/USA_Turquie_Chili_GMFUNL/nsize224/fgsm0/ncal4/triplet/inverseTriplet/prototypes_no/npos1/nneg5/protoagg_mean_1/normyes/dist_cosine/knn3/prototypes.pkl,logs/best_models/otitis_four_class/resnet18/otite_ds_64/USA_Turquie_Chili_GMFUNL/nsize224/fgsm0/ncal4/triplet/inverseTriplet/prototypes_no/npos1/nneg5/protoagg_mean_1/normyes/dist_cosine/knn3/train_encodings.npz,logs/best_models/otitis_four_class/resnet18/otite_ds_64/USA_Turquie_Chili_GMFUNL/nsize224/fgsm0/ncal4/triplet/inverseTriplet/prototypes_no/npos1/nneg5/protoagg_mean_1/normyes/dist_cosine/knn3/valid_encodings.npz,logs/best_models/otitis_four_class/resnet18/otite_ds_64/USA_Turquie_Chili_GMFUNL/nsize224/fgsm0/ncal4/triplet/inverseTriplet/prototypes_no/npos1/nneg5/protoagg_mean_1/normyes/dist_cosine/knn3/test_encodings.npz,,yes,,0.5004345937369794,0.5004345937369794,0.7689209453734154,0.4131510488465008,0.7657701697886686,0.7878787878787878,0.9703828774218771,0.8644628099173552,0.8434343434343435,0.9689965727061345,0.23821548821548819,0.4511784511784512,18,KNN (k=18),knn,2,18,KNN (k=18),knn,2,"Banque_Calaman_USA_2020_trie_CM,Banque_Comert_Turquie_2020_jpg,Banque_Viscaino_Chili_2020,GMFUNL_jan2023",inference,inference,"Banque_Calaman_USA_2020_trie_CM,Banque_Comert_Turquie_2020_jpg,Banque_Viscaino_Chili_2020,GMFUNL_jan2023|inference|inference"
d7b734253aac,otitis_four_class,resnet18,otite_ds_64/USA_Turquie_Chili_GMFUNL,224,0,4,triplet,no,class,1,1,mean,1,yes,cosine,2,logs/best_models/otitis_four_class/resnet18/otite_ds_64/USA_Turquie_Chili_GMFUNL/nsize224/fgsm0/ncal4/triplet/no/prototypes_class/npos1/nneg1/protoagg_mean_1/normyes/dist_cosine/knn2,logs/best_models/otitis_four_class/resnet18/otite_ds_64/USA_Turquie_Chili_GMFUNL/nsize224/fgsm0/ncal4/triplet/no/prototypes_class/npos1/nneg1/protoagg_mean_1/normyes/dist_cosine/knn2/model.pth,logs/best_models/otitis_four_class/resnet18/otite_ds_64/USA_Turquie_Chili_GMFUNL/nsize224/fgsm0/ncal4/triplet/no/prototypes_class/npos1/nneg1/protoagg_mean_1/normyes/dist_cosine/knn2/prototypes.pkl,logs/best_models/otitis_four_class/resnet18/otite_ds_64/USA_Turquie_Chili_GMFUNL/nsize224/fgsm0/ncal4/triplet/no/prototypes_class/npos1/nneg1/protoagg_mean_1/normyes/dist_cosine/knn2/train_encodings.npz,logs/best_models/otitis_four_class/resnet18/otite_ds_64/USA_Turquie_Chili_GMFUNL/nsize224/fgsm0/ncal4/triplet/no/prototypes_class/npos1/nneg1/protoagg_mean_1/normyes/dist_cosine/knn2/valid_encodings.npz,logs/best_models/otitis_four_class/resnet18/otite_ds_64/USA_Turquie_Chili_GMFUNL/nsize224/fgsm0/ncal4/triplet/no/prototypes_class/npos1/nneg1/protoagg_mean_1/normyes/dist_cosine/knn2/test_encodings.npz,logs/otitis_four_class/9539c844-99ba-4e2b-89ba-eab09a7fb3b7,yes,,0.4640954808922571,0.4640954808922571,0.6790196085734902,0.262431940540739,0.6743044296736455,0.8333333333333334,0.7119788599626571,0.7404958677685951,0.7474747474747474,0.7096815243359629,0.16666666666666663,0.3333333333333329,baseline_qda,Quadratic Discriminant,qda,0,baseline_qda,Quadratic Discriminant,qda,0,"Banque_Calaman_USA_2020_trie_CM,Banque_Comert_Turquie_2020_jpg,Banque_Viscaino_Chili_2020,GMFUNL_jan2023,inference",inference,inference,"Banque_Calaman_USA_2020_trie_CM,Banque_Comert_Turquie_2020_jpg,Banque_Viscaino_Chili_2020,GMFUNL_jan2023,inference|inference|inference"
4447479f036c,otitis_four_class,resnet18,otite_ds_64/USA_Turquie_Chili_GMFUNL,224,0,4,triplet,no,class,1,1,mean,1,yes,euclidean,8,logs/best_models/otitis_four_class/resnet18/otite_ds_64/USA_Turquie_Chili_GMFUNL/nsize224/fgsm0/ncal4/triplet/no/prototypes_class/npos1/nneg1/protoagg_mean_1/normyes/dist_euclidean/knn8,logs/best_models/otitis_four_class/resnet18/otite_ds_64/USA_Turquie_Chili_GMFUNL/nsize224/fgsm0/ncal4/triplet/no/prototypes_class/npos1/nneg1/protoagg_mean_1/normyes/dist_euclidean/knn8/model.pth,logs/best_models/otitis_four_class/resnet18/otite_ds_64/USA_Turquie_Chili_GMFUNL/nsize224/fgsm0/ncal4/triplet/no/prototypes_class/npos1/nneg1/protoagg_mean_1/normyes/dist_euclidean/knn8/prototypes.pkl,logs/best_models/otitis_four_class/resnet18/otite_ds_64/USA_Turquie_Chili_GMFUNL/nsize224/fgsm0/ncal4/triplet/no/prototypes_class/npos1/nneg1/protoagg_mean_1/normyes/dist_euclidean/knn8/train_encodings.npz,logs/best_models/otitis_four_class/resnet18/otite_ds_64/USA_Turquie_Chili_GMFUNL/nsize224/fgsm0/ncal4/triplet/no/prototypes_class/npos1/nneg1/protoagg_mean_1/normyes/dist_euclidean/knn8/valid_encodings.npz,logs/best_models/otitis_four_class/resnet18/otite_ds_64/USA_Turquie_Chili_GMFUNL/nsize224/fgsm0/ncal4/triplet/no/prototypes_class/npos1/nneg1/protoagg_mean_1/normyes/dist_euclidean/knn8/test_encodings.npz,logs/otitis_four_class/a143b473-c233-4c25-9254-965066542e2f,yes,,,,,,,,,,,,,,,,,,,,,,,,,
d9e452b099aa,otitis_four_class,resnet18,otite_ds_64/USA_Turquie_Chili_GMFUNL,224,0,4,triplet,no,no,1,1,mean,1,yes,cosine,1,logs/best_models/otitis_four_class/resnet18/otite_ds_64/USA_Turquie_Chili_GMFUNL/nsize224/fgsm0/ncal4/triplet/no/prototypes_no/npos1/nneg1/protoagg_mean_1/normyes/dist_cosine/knn1,logs/best_models/otitis_four_class/resnet18/otite_ds_64/USA_Turquie_Chili_GMFUNL/nsize224/fgsm0/ncal4/triplet/no/prototypes_no/npos1/nneg1/protoagg_mean_1/normyes/dist_cosine/knn1/model.pth,logs/best_models/otitis_four_class/resnet18/otite_ds_64/USA_Turquie_Chili_GMFUNL/nsize224/fgsm0/ncal4/triplet/no/prototypes_no/npos1/nneg1/protoagg_mean_1/normyes/dist_cosine/knn1/prototypes.pkl,logs/best_models/otitis_four_class/resnet18/otite_ds_64/USA_Turquie_Chili_GMFUNL/nsize224/fgsm0/ncal4/triplet/no/prototypes_no/npos1/nneg1/protoagg_mean_1/normyes/dist_cosine/knn1/train_encodings.npz,logs/best_models/otitis_four_class/resnet18/otite_ds_64/USA_Turquie_Chili_GMFUNL/nsize224/fgsm0/ncal4/triplet/no/prototypes_no/npos1/nneg1/protoagg_mean_1/normyes/dist_cosine/knn1/valid_encodings.npz,logs/best_models/otitis_four_class/resnet18/otite_ds_64/USA_Turquie_Chili_GMFUNL/nsize224/fgsm0/ncal4/triplet/no/prototypes_no/npos1/nneg1/protoagg_mean_1/normyes/dist_cosine/knn1/test_encodings.npz,logs/otitis_four_class/5805eddc-5b30-4ccf-ad3c-cf27741f138c,yes,,0.6897979292329923,0.6897979292329923,0.8911933769783165,0.06262242910851495,0.8875518425628173,0.9180327868852459,0.9898004168148279,0.8049019607843136,0.801,0.9884444094608158,0.17110655737704916,0.21657274590163936,16,KNN (k=16),knn,2,16,KNN (k=16),knn,2,"Banque_Calaman_USA_2020_trie_CM,Banque_Comert_Turquie_2020_jpg,Banque_Viscaino_Chili_2020,GMFUNL_jan2023,inference",inference,inference,"Banque_Calaman_USA_2020_trie_CM,Banque_Comert_Turquie_2020_jpg,Banque_Viscaino_Chili_2020,GMFUNL_jan2023,inference|inference|inference"
63bf191f5a55,otitis_four_class,resnet18,otite_ds_64/USA_Turquie_Chili_GMFUNL,224,0,4,triplet,no,no,1,1,mean,1,yes,cosine,7,logs/best_models/otitis_four_class/resnet18/otite_ds_64/USA_Turquie_Chili_GMFUNL/nsize224/fgsm0/ncal4/triplet/no/prototypes_no/npos1/nneg1/protoagg_mean_1/normyes/dist_cosine/knn7,logs/best_models/otitis_four_class/resnet18/otite_ds_64/USA_Turquie_Chili_GMFUNL/nsize224/fgsm0/ncal4/triplet/no/prototypes_no/npos1/nneg1/protoagg_mean_1/normyes/dist_cosine/knn7/model.pth,logs/best_models/otitis_four_class/resnet18/otite_ds_64/USA_Turquie_Chili_GMFUNL/nsize224/fgsm0/ncal4/triplet/no/prototypes_no/npos1/nneg1/protoagg_mean_1/normyes/dist_cosine/knn7/prototypes.pkl,logs/best_models/otitis_four_class/resnet18/otite_ds_64/USA_Turquie_Chili_GMFUNL/nsize224/fgsm0/ncal4/triplet/no/prototypes_no/npos1/nneg1/protoagg_mean_1/normyes/dist_cosine/knn7/train_encodings.npz,logs/best_models/otitis_four_class/resnet18/otite_ds_64/USA_Turquie_Chili_GMFUNL/nsize224/fgsm0/ncal4/triplet/no/prototypes_no/npos1/nneg1/protoagg_mean_1/normyes/dist_cosine/knn7/valid_encodings.npz,logs/best_models/otitis_four_class/resnet18/otite_ds_64/USA_Turquie_Chili_GMFUNL/nsize224/fgsm0/ncal4/triplet/no/prototypes_no/npos1/nneg1/protoagg_mean_1/normyes/dist_cosine/knn7/test_encodings.npz,,yes,,0.5134236249100267,0.5134236249100267,0.9858599067410467,0.17766726362967536,0.9837228253380726,0.8787878787878788,0.99980573070613,0.737190082644628,0.6860269360269361,0.9991701510200958,0.12626262626262627,0.24579124579124578,3,KNN (k=3),knn,5,3,KNN (k=3),knn,5,"Banque_Calaman_USA_2020_trie_CM,Banque_Comert_Turquie_2020_jpg,Banque_Viscaino_Chili_2020,GMFUNL_jan2023,inference",inference,inference,"Banque_Calaman_USA_2020_trie_CM,Banque_Comert_Turquie_2020_jpg,Banque_Viscaino_Chili_2020,GMFUNL_jan2023,inference|inference|inference"
4b9705e823f8,otitis_four_class,resnet18,otite_ds_64/USA_Turquie_Chili_GMFUNL,224,0,4,triplet,no,no,1,5,mean,1,yes,cosine,7,logs/best_models/otitis_four_class/resnet18/otite_ds_64/USA_Turquie_Chili_GMFUNL/nsize224/fgsm0/ncal4/triplet/no/prototypes_no/npos1/nneg5/protoagg_mean_1/normyes/dist_cosine/knn7,logs/best_models/otitis_four_class/resnet18/otite_ds_64/USA_Turquie_Chili_GMFUNL/nsize224/fgsm0/ncal4/triplet/no/prototypes_no/npos1/nneg5/protoagg_mean_1/normyes/dist_cosine/knn7/model.pth,logs/best_models/otitis_four_class/resnet18/otite_ds_64/USA_Turquie_Chili_GMFUNL/nsize224/fgsm0/ncal4/triplet/no/prototypes_no/npos1/nneg5/protoagg_mean_1/normyes/dist_cosine/knn7/prototypes.pkl,logs/best_models/otitis_four_class/resnet18/otite_ds_64/USA_Turquie_Chili_GMFUNL/nsize224/fgsm0/ncal4/triplet/no/prototypes_no/npos1/nneg5/protoagg_mean_1/normyes/dist_cosine/knn7/train_encodings.npz,logs/best_models/otitis_four_class/resnet18/otite_ds_64/USA_Turquie_Chili_GMFUNL/nsize224/fgsm0/ncal4/triplet/no/prototypes_no/npos1/nneg5/protoagg_mean_1/normyes/dist_cosine/knn7/valid_encodings.npz,logs/best_models/otitis_four_class/resnet18/otite_ds_64/USA_Turquie_Chili_GMFUNL/nsize224/fgsm0/ncal4/triplet/no/prototypes_no/npos1/nneg5/protoagg_mean_1/normyes/dist_cosine/knn7/test_encodings.npz,,yes,,0.5134236249100267,0.5134236249100267,0.9858599067410467,0.17766726362967536,0.9837228253380726,0.8787878787878788,0.99980573070613,0.737190082644628,0.6860269360269361,0.9991701510200958,0.12626262626262627,0.24579124579124578,3,KNN (k=3),knn,5,3,KNN (k=3),knn,5,"Banque_Calaman_USA_2020_trie_CM,Banque_Comert_Turquie_2020_jpg,Banque_Viscaino_Chili_2020,GMFUNL_jan2023,inference",inference,inference,"Banque_Calaman_USA_2020_trie_CM,Banque_Comert_Turquie_2020_jpg,Banque_Viscaino_Chili_2020,GMFUNL_jan2023,inference|inference|inference"
f509b42e9aff,otitis_four_class,resnet18,otite_ds_64/USA_Turquie_Chili_GMFUNL,224,0,4,triplet,no,no,1,5,mean,1,yes,euclidean,5,logs/best_models/otitis_four_class/resnet18/otite_ds_64/USA_Turquie_Chili_GMFUNL/nsize224/fgsm0/ncal4/triplet/no/prototypes_no/npos1/nneg5/protoagg_mean_1/normyes/dist_euclidean/knn5,logs/best_models/otitis_four_class/resnet18/otite_ds_64/USA_Turquie_Chili_GMFUNL/nsize224/fgsm0/ncal4/triplet/no/prototypes_no/npos1/nneg5/protoagg_mean_1/normyes/dist_euclidean/knn5/model.pth,logs/best_models/otitis_four_class/resnet18/otite_ds_64/USA_Turquie_Chili_GMFUNL/nsize224/fgsm0/ncal4/triplet/no/prototypes_no/npos1/nneg5/protoagg_mean_1/normyes/dist_euclidean/knn5/prototypes.pkl,logs/best_models/otitis_four_class/resnet18/otite_ds_64/USA_Turquie_Chili_GMFUNL/nsize224/fgsm0/ncal4/triplet/no/prototypes_no/npos1/nneg5/protoagg_mean_1/normyes/dist_euclidean/knn5/train_encodings.npz,logs/best_models/otitis_four_class/resnet18/otite_ds_64/USA_Turquie_Chili_GMFUNL/nsize224/fgsm0/ncal4/triplet/no/prototypes_no/npos1/nneg5/protoagg_mean_1/normyes/dist_euclidean/knn5/valid_encodings.npz,logs/best_models/otitis_four_class/resnet18/otite_ds_64/USA_Turquie_Chili_GMFUNL/nsize224/fgsm0/ncal4/triplet/no/prototypes_no/npos1/nneg5/protoagg_mean_1/normyes/dist_euclidean/knn5/test_encodings.npz,logs/otitis_four_class/abc11564-7ea3-43f3-aba8-db1869a51b94,yes,,0.5606148847051017,0.5606148847051017,0.883595697224212,0.223606797749979,0.8794603020874219,0.8688524590163934,0.9839886786635457,0.8352941176470589,0.788,0.9825679606493583,0.13035965596436047,0.2739856053499154,baseline_rbf_svc,RBF SVC,rbf_svc,2,baseline_rbf_svc,RBF SVC,rbf_svc,2,"Banque_Calaman_USA_2020_trie_CM,Banque_Comert_Turquie_2020_jpg,Banque_Viscaino_Chili_2020,GMFUNL_jan2023,inference",inference,inference,"Banque_Calaman_USA_2020_trie_CM,Banque_Comert_Turquie_2020_jpg,Banque_Viscaino_Chili_2020,GMFUNL_jan2023,inference|inference|inference"
9cbb663430d4,otitis_four_class,resnet18,otite_ds_64/USA_Turquie_Chili_GMFUNL,224,1,0,arcface,inverseTriplet,batch,1,1,mean,1,yes,cosine,2,logs/best_models/otitis_four_class/resnet18/otite_ds_64/USA_Turquie_Chili_GMFUNL/nsize224/fgsm1/ncal0/arcface/inverseTriplet/prototypes_batch/npos1/nneg1/protoagg_mean_1/normyes/dist_cosine/knn2,logs/best_models/otitis_four_class/resnet18/otite_ds_64/USA_Turquie_Chili_GMFUNL/nsize224/fgsm1/ncal0/arcface/inverseTriplet/prototypes_batch/npos1/nneg1/protoagg_mean_1/normyes/dist_cosine/knn2/model.pth,logs/best_models/otitis_four_class/resnet18/otite_ds_64/USA_Turquie_Chili_GMFUNL/nsize224/fgsm1/ncal0/arcface/inverseTriplet/prototypes_batch/npos1/nneg1/protoagg_mean_1/normyes/dist_cosine/knn2/prototypes.pkl,logs/best_models/otitis_four_class/resnet18/otite_ds_64/USA_Turquie_Chili_GMFUNL/nsize224/fgsm1/ncal0/arcface/inverseTriplet/prototypes_batch/npos1/nneg1/protoagg_mean_1/normyes/dist_cosine/knn2/train_encodings.npz,logs/best_models/otitis_four_class/resnet18/otite_ds_64/USA_Turquie_Chili_GMFUNL/nsize224/fgsm1/ncal0/arcface/inverseTriplet/prototypes_batch/npos1/nneg1/protoagg_mean_1/normyes/dist_cosine/knn2/valid_encodings.npz,logs/best_models/otitis_four_class/resnet18/otite_ds_64/USA_Turquie_Chili_GMFUNL/nsize224/fgsm1/ncal0/arcface/inverseTriplet/prototypes_batch/npos1/nneg1/protoagg_mean_1/normyes/dist_cosine/knn2/test_encodings.npz,,yes,,0.4640954808922571,0.4640954808922571,0.6790196085734902,0.262431940540739,0.6743044296736455,0.8333333333333334,0.7119788599626571,0.7404958677685951,0.7474747474747474,0.7096815243359629,0.16666666666666663,0.3333333333333329,baseline_qda,Quadratic Discriminant,qda,0,baseline_qda,Quadratic Discriminant,qda,0,"Banque_Calaman_USA_2020_trie_CM,Banque_Comert_Turquie_2020_jpg,Banque_Viscaino_Chili_2020,GMFUNL_jan2023,inference",inference,inference,"Banque_Calaman_USA_2020_trie_CM,Banque_Comert_Turquie_2020_jpg,Banque_Viscaino_Chili_2020,GMFUNL_jan2023,inference|inference|inference"
dba39af6765e,otitis_four_class,resnet18,otite_ds_64/USA_Turquie_Chili_GMFUNL,224,1,0,arcface,inverseTriplet,batch,1,1,mean,1,yes,euclidean,4,logs/best_models/otitis_four_class/resnet18/otite_ds_64/USA_Turquie_Chili_GMFUNL/nsize224/fgsm1/ncal0/arcface/inverseTriplet/prototypes_batch/npos1/nneg1/protoagg_mean_1/normyes/dist_euclidean/knn4,logs/best_models/otitis_four_class/resnet18/otite_ds_64/USA_Turquie_Chili_GMFUNL/nsize224/fgsm1/ncal0/arcface/inverseTriplet/prototypes_batch/npos1/nneg1/protoagg_mean_1/normyes/dist_euclidean/knn4/model.pth,logs/best_models/otitis_four_class/resnet18/otite_ds_64/USA_Turquie_Chili_GMFUNL/nsize224/fgsm1/ncal0/arcface/inverseTriplet/prototypes_batch/npos1/nneg1/protoagg_mean_1/normyes/dist_euclidean/knn4/prototypes.pkl,logs/best_models/otitis_four_class/resnet18/otite_ds_64/USA_Turquie_Chili_GMFUNL/nsize224/fgsm1/ncal0/arcface/inverseTriplet/prototypes_batch/npos1/nneg1/protoagg_mean_1/normyes/dist_euclidean/knn4/train_encodings.npz,logs/best_models/otitis_four_class/resnet18/otite_ds_64/USA_Turquie_Chili_GMFUNL/nsize224/fgsm1/ncal0/arcface/inverseTriplet/prototypes_batch/npos1/nneg1/protoagg_mean_1/normyes/dist_euclidean/knn4/valid_encodings.npz,logs/best_models/otitis_four_class/resnet18/otite_ds_64/USA_Turquie_Chili_GMFUNL/nsize224/fgsm1/ncal0/arcface/inverseTriplet/prototypes_batch/npos1/nneg1/protoagg_mean_1/normyes/dist_euclidean/knn4/test_encodings.npz,logs/otitis_four_class/353f8dbf-c1c2-4bbc-8767-5c326ea44260,yes,,0.4516599046208679,0.4516599046208679,0.6640147519836538,0.3024184476928859,0.6620021147003533,0.7272727272727273,0.9103254055122572,0.834710743801653,0.5101010101010102,0.9089654966095253,0.05866119780770686,0.42591809103426337,protot_gmm_4,Prototype: GMM (n_comp=4),gmm,2,protot_gmm_4,Prototype: GMM (n_comp=4),gmm,2,"Banque_Calaman_USA_2020_trie_CM,Banque_Comert_Turquie_2020_jpg,Banque_Viscaino_Chili_2020,GMFUNL_jan2023",inference,inference,"Banque_Calaman_USA_2020_trie_CM,Banque_Comert_Turquie_2020_jpg,Banque_Viscaino_Chili_2020,GMFUNL_jan2023|inference|inference"
4c3880729d8f,otitis_four_class,resnet18,otite_ds_64/USA_Turquie_Chili_GMFUNL,224,1,0,arcface,inverseTriplet,class,1,1,mean,1,yes,cosine,2,logs/best_models/otitis_four_class/resnet18/otite_ds_64/USA_Turquie_Chili_GMFUNL/nsize224/fgsm1/ncal0/arcface/inverseTriplet/prototypes_class/npos1/nneg1/protoagg_mean_1/normyes/dist_cosine/knn2,logs/best_models/otitis_four_class/resnet18/otite_ds_64/USA_Turquie_Chili_GMFUNL/nsize224/fgsm1/ncal0/arcface/inverseTriplet/prototypes_class/npos1/nneg1/protoagg_mean_1/normyes/dist_cosine/knn2/model.pth,logs/best_models/otitis_four_class/resnet18/otite_ds_64/USA_Turquie_Chili_GMFUNL/nsize224/fgsm1/ncal0/arcface/inverseTriplet/prototypes_class/npos1/nneg1/protoagg_mean_1/normyes/dist_cosine/knn2/prototypes.pkl,logs/best_models/otitis_four_class/resnet18/otite_ds_64/USA_Turquie_Chili_GMFUNL/nsize224/fgsm1/ncal0/arcface/inverseTriplet/prototypes_class/npos1/nneg1/protoagg_mean_1/normyes/dist_cosine/knn2/train_encodings.npz,logs/best_models/otitis_four_class/resnet18/otite_ds_64/USA_Turquie_Chili_GMFUNL/nsize224/fgsm1/ncal0/arcface/inverseTriplet/prototypes_class/npos1/nneg1/protoagg_mean_1/normyes/dist_cosine/knn2/valid_encodings.npz,logs/best_models/otitis_four_class/resnet18/otite_ds_64/USA_Turquie_Chili_GMFUNL/nsize224/fgsm1/ncal0/arcface/inverseTriplet/prototypes_class/npos1/nneg1/protoagg_mean_1/normyes/dist_cosine/knn2/test_encodings.npz,logs/otitis_four_class/92013ed7-debf-4291-8864-ea0955e88ddb,yes,,0.4640954808922571,0.4640954808922571,0.6790196085734902,0.262431940540739,0.6743044296736455,0.8333333333333334,0.7119788599626571,0.7404958677685951,0.7474747474747474,0.7096815243359629,0.16666666666666663,0.3333333333333329,baseline_qda,Quadratic Discriminant,qda,0,baseline_qda,Quadratic Discriminant,qda,0,"Banque_Calaman_USA_2020_trie_CM,Banque_Comert_Turquie_2020_jpg,Banque_Viscaino_Chili_2020,GMFUNL_jan2023,inference",inference,inference,"Banque_Calaman_USA_2020_trie_CM,Banque_Comert_Turquie_2020_jpg,Banque_Viscaino_Chili_2020,GMFUNL_jan2023,inference|inference|inference"
6156be73ccb1,otitis_four_class,resnet18,otite_ds_64/USA_Turquie_Chili_GMFUNL,224,1,0,arcface,inverseTriplet,no,1,1,mean,1,yes,cosine,3,logs/best_models/otitis_four_class/resnet18/otite_ds_64/USA_Turquie_Chili_GMFUNL/nsize224/fgsm1/ncal0/arcface/inverseTriplet/prototypes_no/npos1/nneg1/protoagg_mean_1/normyes/dist_cosine/knn3,logs/best_models/otitis_four_class/resnet18/otite_ds_64/USA_Turquie_Chili_GMFUNL/nsize224/fgsm1/ncal0/arcface/inverseTriplet/prototypes_no/npos1/nneg1/protoagg_mean_1/normyes/dist_cosine/knn3/model.pth,logs/best_models/otitis_four_class/resnet18/otite_ds_64/USA_Turquie_Chili_GMFUNL/nsize224/fgsm1/ncal0/arcface/inverseTriplet/prototypes_no/npos1/nneg1/protoagg_mean_1/normyes/dist_cosine/knn3/prototypes.pkl,logs/best_models/otitis_four_class/resnet18/otite_ds_64/USA_Turquie_Chili_GMFUNL/nsize224/fgsm1/ncal0/arcface/inverseTriplet/prototypes_no/npos1/nneg1/protoagg_mean_1/normyes/dist_cosine/knn3/train_encodings.npz,logs/best_models/otitis_four_class/resnet18/otite_ds_64/USA_Turquie_Chili_GMFUNL/nsize224/fgsm1/ncal0/arcface/inverseTriplet/prototypes_no/npos1/nneg1/protoagg_mean_1/normyes/dist_cosine/knn3/valid_encodings.npz,logs/best_models/otitis_four_class/resnet18/otite_ds_64/USA_Turquie_Chili_GMFUNL/nsize224/fgsm1/ncal0/arcface/inverseTriplet/prototypes_no/npos1/nneg1/protoagg_mean_1/normyes/dist_cosine/knn3/test_encodings.npz,,yes,,0.5004345937369794,0.5004345937369794,0.7689209453734154,0.4131510488465008,0.7657701697886686,0.7878787878787878,0.9703828774218771,0.8644628099173552,0.8434343434343435,0.9689965727061345,0.23821548821548819,0.4511784511784512,18,KNN (k=18),knn,2,18,KNN (k=18),knn,2,"Banque_Calaman_USA_2020_trie_CM,Banque_Comert_Turquie_2020_jpg,Banque_Viscaino_Chili_2020,GMFUNL_jan2023",inference,inference,"Banque_Calaman_USA_2020_trie_CM,Banque_Comert_Turquie_2020_jpg,Banque_Viscaino_Chili_2020,GMFUNL_jan2023|inference|inference"
1402a49661d6,otitis_four_class,resnet18,otite_ds_64/USA_Turquie_Chili_GMFUNL,224,1,0,arcface,inverseTriplet,no,1,1,mean,1,yes,euclidean,3,logs/best_models/otitis_four_class/resnet18/otite_ds_64/USA_Turquie_Chili_GMFUNL/nsize224/fgsm1/ncal0/arcface/inverseTriplet/prototypes_no/npos1/nneg1/protoagg_mean_1/normyes/dist_euclidean/knn3,logs/best_models/otitis_four_class/resnet18/otite_ds_64/USA_Turquie_Chili_GMFUNL/nsize224/fgsm1/ncal0/arcface/inverseTriplet/prototypes_no/npos1/nneg1/protoagg_mean_1/normyes/dist_euclidean/knn3/model.pth,logs/best_models/otitis_four_class/resnet18/otite_ds_64/USA_Turquie_Chili_GMFUNL/nsize224/fgsm1/ncal0/arcface/inverseTriplet/prototypes_no/npos1/nneg1/protoagg_mean_1/normyes/dist_euclidean/knn3/prototypes.pkl,logs/best_models/otitis_four_class/resnet18/otite_ds_64/USA_Turquie_Chili_GMFUNL/nsize224/fgsm1/ncal0/arcface/inverseTriplet/prototypes_no/npos1/nneg1/protoagg_mean_1/normyes/dist_euclidean/knn3/train_encodings.npz,logs/best_models/otitis_four_class/resnet18/otite_ds_64/USA_Turquie_Chili_GMFUNL/nsize224/fgsm1/ncal0/arcface/inverseTriplet/prototypes_no/npos1/nneg1/protoagg_mean_1/normyes/dist_euclidean/knn3/valid_encodings.npz,logs/best_models/otitis_four_class/resnet18/otite_ds_64/USA_Turquie_Chili_GMFUNL/nsize224/fgsm1/ncal0/arcface/inverseTriplet/prototypes_no/npos1/nneg1/protoagg_mean_1/normyes/dist_euclidean/knn3/test_encodings.npz,logs/otitis_four_class/2dec0613-df79-4bb2-858c-1fcda2dfc6c5,yes,,0.5004345937369794,0.5004345937369794,0.7689209453734154,0.4131510488465008,0.7657701697886686,0.7878787878787878,0.9703828774218771,0.8644628099173552,0.8434343434343435,0.9689965727061345,0.23821548821548819,0.4511784511784512,18,KNN (k=18),knn,2,18,KNN (k=18),knn,2,"Banque_Calaman_USA_2020_trie_CM,Banque_Comert_Turquie_2020_jpg,Banque_Viscaino_Chili_2020,GMFUNL_jan2023",inference,inference,"Banque_Calaman_USA_2020_trie_CM,Banque_Comert_Turquie_2020_jpg,Banque_Viscaino_Chili_2020,GMFUNL_jan2023|inference|inference"
8634f6157cb2,otitis_four_class,resnet18,otite_ds_64/USA_Turquie_Chili_GMFUNL,224,1,0,arcface,no,class,1,1,mean,1,yes,none,1,logs/best_models/otitis_four_class/resnet18/otite_ds_64/USA_Turquie_Chili_GMFUNL/nsize224/fgsm1/ncal0/arcface/no/prototypes_class/npos1/nneg1/protoagg_mean_1/normyes/dist_none/knn1,logs/best_models/otitis_four_class/resnet18/otite_ds_64/USA_Turquie_Chili_GMFUNL/nsize224/fgsm1/ncal0/arcface/no/prototypes_class/npos1/nneg1/protoagg_mean_1/normyes/dist_none/knn1/model.pth,logs/best_models/otitis_four_class/resnet18/otite_ds_64/USA_Turquie_Chili_GMFUNL/nsize224/fgsm1/ncal0/arcface/no/prototypes_class/npos1/nneg1/protoagg_mean_1/normyes/dist_none/knn1/prototypes.pkl,logs/best_models/otitis_four_class/resnet18/otite_ds_64/USA_Turquie_Chili_GMFUNL/nsize224/fgsm1/ncal0/arcface/no/prototypes_class/npos1/nneg1/protoagg_mean_1/normyes/dist_none/knn1/train_encodings.npz,logs/best_models/otitis_four_class/resnet18/otite_ds_64/USA_Turquie_Chili_GMFUNL/nsize224/fgsm1/ncal0/arcface/no/prototypes_class/npos1/nneg1/protoagg_mean_1/normyes/dist_none/knn1/valid_encodings.npz,logs/best_models/otitis_four_class/resnet18/otite_ds_64/USA_Turquie_Chili_GMFUNL/nsize224/fgsm1/ncal0/arcface/no/prototypes_class/npos1/nneg1/protoagg_mean_1/normyes/dist_none/knn1/test_encodings.npz,,yes,,0.6897979292329923,0.6897979292329923,0.8911933769783165,0.06262242910851495,0.8875518425628173,0.9180327868852459,0.9898004168148279,0.8049019607843136,0.801,0.9884444094608158,0.17110655737704916,0.21657274590163936,16,KNN (k=16),knn,2,16,KNN (k=16),knn,2,"Banque_Calaman_USA_2020_trie_CM,Banque_Comert_Turquie_2020_jpg,Banque_Viscaino_Chili_2020,GMFUNL_jan2023,inference",inference,inference,"Banque_Calaman_USA_2020_trie_CM,Banque_Comert_Turquie_2020_jpg,Banque_Viscaino_Chili_2020,GMFUNL_jan2023,inference|inference|inference"
363e0bd4fc6b,otitis_four_class,resnet18,otite_ds_64/USA_Turquie_Chili_GMFUNL,224,1,0,arcface,no,class,1,1,mean,1,yes,none,3,logs/best_models/otitis_four_class/resnet18/otite_ds_64/USA_Turquie_Chili_GMFUNL/nsize224/fgsm1/ncal0/arcface/no/prototypes_class/npos1/nneg1/protoagg_mean_1/normyes/dist_none/knn3,logs/best_models/otitis_four_class/resnet18/otite_ds_64/USA_Turquie_Chili_GMFUNL/nsize224/fgsm1/ncal0/arcface/no/prototypes_class/npos1/nneg1/protoagg_mean_1/normyes/dist_none/knn3/model.pth,logs/best_models/otitis_four_class/resnet18/otite_ds_64/USA_Turquie_Chili_GMFUNL/nsize224/fgsm1/ncal0/arcface/no/prototypes_class/npos1/nneg1/protoagg_mean_1/normyes/dist_none/knn3/prototypes.pkl,logs/best_models/otitis_four_class/resnet18/otite_ds_64/USA_Turquie_Chili_GMFUNL/nsize224/fgsm1/ncal0/arcface/no/prototypes_class/npos1/nneg1/protoagg_mean_1/normyes/dist_none/knn3/train_encodings.npz,logs/best_models/otitis_four_class/resnet18/otite_ds_64/USA_Turquie_Chili_GMFUNL/nsize224/fgsm1/ncal0/arcface/no/prototypes_class/npos1/nneg1/protoagg_mean_1/normyes/dist_none/knn3/valid_encodings.npz,logs/best_models/otitis_four_class/resnet18/otite_ds_64/USA_Turquie_Chili_GMFUNL/nsize224/fgsm1/ncal0/arcface/no/prototypes_class/npos1/nneg1/protoagg_mean_1/normyes/dist_none/knn3/test_encodings.npz,logs/otitis_four_class/3a30f410-dfe0-4592-acff-b73b7a8501ed,yes,,0.5004345937369794,0.5004345937369794,0.7689209453734154,0.4131510488465008,0.7657701697886686,0.7878787878787878,0.9703828774218771,0.8644628099173552,0.8434343434343435,0.9689965727061345,0.23821548821548819,0.4511784511784512,18,KNN (k=18),knn,2,18,KNN (k=18),knn,2,"Banque_Calaman_USA_2020_trie_CM,Banque_Comert_Turquie_2020_jpg,Banque_Viscaino_Chili_2020,GMFUNL_jan2023",inference,inference,"Banque_Calaman_USA_2020_trie_CM,Banque_Comert_Turquie_2020_jpg,Banque_Viscaino_Chili_2020,GMFUNL_jan2023|inference|inference"
38c5aec70fa8,otitis_four_class,resnet18,otite_ds_64/USA_Turquie_Chili_GMFUNL,224,1,0,arcface,no,no,1,1,mean,1,yes,none,1,logs/best_models/otitis_four_class/resnet18/otite_ds_64/USA_Turquie_Chili_GMFUNL/nsize224/fgsm1/ncal0/arcface/no/prototypes_no/npos1/nneg1/protoagg_mean_1/normyes/dist_none/knn1,logs/best_models/otitis_four_class/resnet18/otite_ds_64/USA_Turquie_Chili_GMFUNL/nsize224/fgsm1/ncal0/arcface/no/prototypes_no/npos1/nneg1/protoagg_mean_1/normyes/dist_none/knn1/model.pth,logs/best_models/otitis_four_class/resnet18/otite_ds_64/USA_Turquie_Chili_GMFUNL/nsize224/fgsm1/ncal0/arcface/no/prototypes_no/npos1/nneg1/protoagg_mean_1/normyes/dist_none/knn1/prototypes.pkl,logs/best_models/otitis_four_class/resnet18/otite_ds_64/USA_Turquie_Chili_GMFUNL/nsize224/fgsm1/ncal0/arcface/no/prototypes_no/npos1/nneg1/protoagg_mean_1/normyes/dist_none/knn1/train_encodings.npz,logs/best_models/otitis_four_class/resnet18/otite_ds_64/USA_Turquie_Chili_GMFUNL/nsize224/fgsm1/ncal0/arcface/no/prototypes_no/npos1/nneg1/protoagg_mean_1/normyes/dist_none/knn1/valid_encodings.npz,logs/best_models/otitis_four_class/resnet18/otite_ds_64/USA_Turquie_Chili_GMFUNL/nsize224/fgsm1/ncal0/arcface/no/prototypes_no/npos1/nneg1/protoagg_mean_1/normyes/dist_none/knn1/test_encodings.npz,logs/otitis_four_class/69f35411-1da9-4c41-8da1-0b1340eda443,yes,,0.6897979292329923,0.6897979292329923,0.8911933769783165,0.06262242910851495,0.8875518425628173,0.9180327868852459,0.9898004168148279,0.8049019607843136,0.801,0.9884444094608158,0.17110655737704916,0.21657274590163936,16,KNN (k=16),knn,2,16,KNN (k=16),knn,2,"Banque_Calaman_USA_2020_trie_CM,Banque_Comert_Turquie_2020_jpg,Banque_Viscaino_Chili_2020,GMFUNL_jan2023,inference",inference,inference,"Banque_Calaman_USA_2020_trie_CM,Banque_Comert_Turquie_2020_jpg,Banque_Viscaino_Chili_2020,GMFUNL_jan2023,inference|inference|inference"
65de53a78f1e,otitis_four_class,resnet18,otite_ds_64/USA_Turquie_Chili_GMFUNL,224,1,0,ce,inverseTriplet,no,1,1,mean,1,yes,cosine,3,logs/best_models/otitis_four_class/resnet18/otite_ds_64/USA_Turquie_Chili_GMFUNL/nsize224/fgsm1/ncal0/ce/inverseTriplet/prototypes_no/npos1/nneg1/protoagg_mean_1/normyes/dist_cosine/knn3,logs/best_models/otitis_four_class/resnet18/otite_ds_64/USA_Turquie_Chili_GMFUNL/nsize224/fgsm1/ncal0/ce/inverseTriplet/prototypes_no/npos1/nneg1/protoagg_mean_1/normyes/dist_cosine/knn3/model.pth,logs/best_models/otitis_four_class/resnet18/otite_ds_64/USA_Turquie_Chili_GMFUNL/nsize224/fgsm1/ncal0/ce/inverseTriplet/prototypes_no/npos1/nneg1/protoagg_mean_1/normyes/dist_cosine/knn3/prototypes.pkl,logs/best_models/otitis_four_class/resnet18/otite_ds_64/USA_Turquie_Chili_GMFUNL/nsize224/fgsm1/ncal0/ce/inverseTriplet/prototypes_no/npos1/nneg1/protoagg_mean_1/normyes/dist_cosine/knn3/train_encodings.npz,logs/best_models/otitis_four_class/resnet18/otite_ds_64/USA_Turquie_Chili_GMFUNL/nsize224/fgsm1/ncal0/ce/inverseTriplet/prototypes_no/npos1/nneg1/protoagg_mean_1/normyes/dist_cosine/knn3/valid_encodings.npz,logs/best_models/otitis_four_class/resnet18/otite_ds_64/USA_Turquie_Chili_GMFUNL/nsize224/fgsm1/ncal0/ce/inverseTriplet/prototypes_no/npos1/nneg1/protoagg_mean_1/normyes/dist_cosine/knn3/test_encodings.npz,logs/otitis_four_class/7a83a538-da5e-4c70-b8e4-70afb6578491,yes,,0.5004345937369794,0.5004345937369794,0.7689209453734154,0.4131510488465008,0.7657701697886686,0.7878787878787878,0.9703828774218771,0.8644628099173552,0.8434343434343435,0.9689965727061345,0.23821548821548819,0.4511784511784512,18,KNN (k=18),knn,2,18,KNN (k=18),knn,2,"Banque_Calaman_USA_2020_trie_CM,Banque_Comert_Turquie_2020_jpg,Banque_Viscaino_Chili_2020,GMFUNL_jan2023",inference,inference,"Banque_Calaman_USA_2020_trie_CM,Banque_Comert_Turquie_2020_jpg,Banque_Viscaino_Chili_2020,GMFUNL_jan2023|inference|inference"
c3b3b1276dd6,otitis_four_class,resnet18,otite_ds_64/USA_Turquie_Chili_GMFUNL,224,1,0,ce,inverseTriplet,no,1,1,mean,1,yes,euclidean,3,logs/best_models/otitis_four_class/resnet18/otite_ds_64/USA_Turquie_Chili_GMFUNL/nsize224/fgsm1/ncal0/ce/inverseTriplet/prototypes_no/npos1/nneg1/protoagg_mean_1/normyes/dist_euclidean/knn3,logs/best_models/otitis_four_class/resnet18/otite_ds_64/USA_Turquie_Chili_GMFUNL/nsize224/fgsm1/ncal0/ce/inverseTriplet/prototypes_no/npos1/nneg1/protoagg_mean_1/normyes/dist_euclidean/knn3/model.pth,logs/best_models/otitis_four_class/resnet18/otite_ds_64/USA_Turquie_Chili_GMFUNL/nsize224/fgsm1/ncal0/ce/inverseTriplet/prototypes_no/npos1/nneg1/protoagg_mean_1/normyes/dist_euclidean/knn3/prototypes.pkl,logs/best_models/otitis_four_class/resnet18/otite_ds_64/USA_Turquie_Chili_GMFUNL/nsize224/fgsm1/ncal0/ce/inverseTriplet/prototypes_no/npos1/nneg1/protoagg_mean_1/normyes/dist_euclidean/knn3/train_encodings.npz,logs/best_models/otitis_four_class/resnet18/otite_ds_64/USA_Turquie_Chili_GMFUNL/nsize224/fgsm1/ncal0/ce/inverseTriplet/prototypes_no/npos1/nneg1/protoagg_mean_1/normyes/dist_euclidean/knn3/valid_encodings.npz,logs/best_models/otitis_four_class/resnet18/otite_ds_64/USA_Turquie_Chili_GMFUNL/nsize224/fgsm1/ncal0/ce/inverseTriplet/prototypes_no/npos1/nneg1/protoagg_mean_1/normyes/dist_euclidean/knn3/test_encodings.npz,,yes,,0.5004345937369794,0.5004345937369794,0.7689209453734154,0.4131510488465008,0.7657701697886686,0.7878787878787878,0.9703828774218771,0.8644628099173552,0.8434343434343435,0.9689965727061345,0.23821548821548819,0.4511784511784512,18,KNN (k=18),knn,2,18,KNN (k=18),knn,2,"Banque_Calaman_USA_2020_trie_CM,Banque_Comert_Turquie_2020_jpg,Banque_Viscaino_Chili_2020,GMFUNL_jan2023",inference,inference,"Banque_Calaman_USA_2020_trie_CM,Banque_Comert_Turquie_2020_jpg,Banque_Viscaino_Chili_2020,GMFUNL_jan2023|inference|inference"
813d5c797dcf,otitis_four_class,resnet18,otite_ds_64/USA_Turquie_Chili_GMFUNL,224,1,0,ce,no,no,1,1,mean,1,yes,none,0,logs/best_models/otitis_four_class/resnet18/otite_ds_64/USA_Turquie_Chili_GMFUNL/nsize224/fgsm1/ncal0/ce/no/prototypes_no/npos1/nneg1/protoagg_mean_1/normyes/dist_none/knn0,logs/best_models/otitis_four_class/resnet18/otite_ds_64/USA_Turquie_Chili_GMFUNL/nsize224/fgsm1/ncal0/ce/no/prototypes_no/npos1/nneg1/protoagg_mean_1/normyes/dist_none/knn0/model.pth,logs/best_models/otitis_four_class/resnet18/otite_ds_64/USA_Turquie_Chili_GMFUNL/nsize224/fgsm1/ncal0/ce/no/prototypes_no/npos1/nneg1/protoagg_mean_1/normyes/dist_none/knn0/prototypes.pkl,logs/best_models/otitis_four_class/resnet18/otite_ds_64/USA_Turquie_Chili_GMFUNL/nsize224/fgsm1/ncal0/ce/no/prototypes_no/npos1/nneg1/protoagg_mean_1/normyes/dist_none/knn0/train_encodings.npz,logs/best_models/otitis_four_class/resnet18/otite_ds_64/USA_Turquie_Chili_GMFUNL/nsize224/fgsm1/ncal0/ce/no/prototypes_no/npos1/nneg1/protoagg_mean_1/normyes/dist_none/knn0/valid_encodings.npz,logs/best_models/otitis_four_class/resnet18/otite_ds_64/USA_Turquie_Chili_GMFUNL/nsize224/fgsm1/ncal0/ce/no/prototypes_no/npos1/nneg1/protoagg_mean_1/normyes/dist_none/knn0/test_encodings.npz,logs/otitis_four_class/1e2803cc-60d6-4abb-8780-e138da24d405,yes,,0.6411764705882353,0.6411764705882353,0.8004249040921414,0.4815713303308872,0.7999025178570875,0.9016393442622951,0.9045694379907955,0.8235294117647058,0.8,0.9039541702426845,0.02084226628441288,0.17824047440884797,protot_kmeans_4,Prototype: KMEANS (n_comp=4),kmeans,2,protot_kmeans_4,Prototype: KMEANS (n_comp=4),kmeans,2,"Banque_Calaman_USA_2020_trie_CM,Banque_Comert_Turquie_2020_jpg,Banque_Viscaino_Chili_2020,GMFUNL_jan2023,inference",inference,inference,"Banque_Calaman_USA_2020_trie_CM,Banque_Comert_Turquie_2020_jpg,Banque_Viscaino_Chili_2020,GMFUNL_jan2023,inference|inference|inference"
f2bdc299411d,otitis_four_class,resnet18,otite_ds_64/USA_Turquie_Chili_GMFUNL,224,1,0,hinge,inverseTriplet,no,1,1,mean,1,yes,cosine,2,logs/best_models/otitis_four_class/resnet18/otite_ds_64/USA_Turquie_Chili_GMFUNL/nsize224/fgsm1/ncal0/hinge/inverseTriplet/prototypes_no/npos1/nneg1/protoagg_mean_1/normyes/dist_cosine/knn2,logs/best_models/otitis_four_class/resnet18/otite_ds_64/USA_Turquie_Chili_GMFUNL/nsize224/fgsm1/ncal0/hinge/inverseTriplet/prototypes_no/npos1/nneg1/protoagg_mean_1/normyes/dist_cosine/knn2/model.pth,logs/best_models/otitis_four_class/resnet18/otite_ds_64/USA_Turquie_Chili_GMFUNL/nsize224/fgsm1/ncal0/hinge/inverseTriplet/prototypes_no/npos1/nneg1/protoagg_mean_1/normyes/dist_cosine/knn2/prototypes.pkl,logs/best_models/otitis_four_class/resnet18/otite_ds_64/USA_Turquie_Chili_GMFUNL/nsize224/fgsm1/ncal0/hinge/inverseTriplet/prototypes_no/npos1/nneg1/protoagg_mean_1/normyes/dist_cosine/knn2/train_encodings.npz,logs/best_models/otitis_four_class/resnet18/otite_ds_64/USA_Turquie_Chili_GMFUNL/nsize224/fgsm1/ncal0/hinge/inverseTriplet/prototypes_no/npos1/nneg1/protoagg_mean_1/normyes/dist_cosine/knn2/valid_encodings.npz,logs/best_models/otitis_four_class/resnet18/otite_ds_64/USA_Turquie_Chili_GMFUNL/nsize224/fgsm1/ncal0/hinge/inverseTriplet/prototypes_no/npos1/nneg1/protoagg_mean_1/normyes/dist_cosine/knn2/test_encodings.npz,,yes,,0.4640954808922571,0.4640954808922571,0.6790196085734902,0.262431940540739,0.6743044296736455,0.8333333333333334,0.7119788599626571,0.7404958677685951,0.7474747474747474,0.7096815243359629,0.16666666666666663,0.3333333333333329,baseline_qda,Quadratic Discriminant,qda,0,baseline_qda,Quadratic Discriminant,qda,0,"Banque_Calaman_USA_2020_trie_CM,Banque_Comert_Turquie_2020_jpg,Banque_Viscaino_Chili_2020,GMFUNL_jan2023,inference",inference,inference,"Banque_Calaman_USA_2020_trie_CM,Banque_Comert_Turquie_2020_jpg,Banque_Viscaino_Chili_2020,GMFUNL_jan2023,inference|inference|inference"
980c8fff9c87,otitis_four_class,resnet18,otite_ds_64/USA_Turquie_Chili_GMFUNL,224,1,0,hinge,inverseTriplet,no,1,1,mean,1,yes,cosine,3,logs/best_models/otitis_four_class/resnet18/otite_ds_64/USA_Turquie_Chili_GMFUNL/nsize224/fgsm1/ncal0/hinge/inverseTriplet/prototypes_no/npos1/nneg1/protoagg_mean_1/normyes/dist_cosine/knn3,logs/best_models/otitis_four_class/resnet18/otite_ds_64/USA_Turquie_Chili_GMFUNL/nsize224/fgsm1/ncal0/hinge/inverseTriplet/prototypes_no/npos1/nneg1/protoagg_mean_1/normyes/dist_cosine/knn3/model.pth,logs/best_models/otitis_four_class/resnet18/otite_ds_64/USA_Turquie_Chili_GMFUNL/nsize224/fgsm1/ncal0/hinge/inverseTriplet/prototypes_no/npos1/nneg1/protoagg_mean_1/normyes/dist_cosine/knn3/prototypes.pkl,logs/best_models/otitis_four_class/resnet18/otite_ds_64/USA_Turquie_Chili_GMFUNL/nsize224/fgsm1/ncal0/hinge/inverseTriplet/prototypes_no/npos1/nneg1/protoagg_mean_1/normyes/dist_cosine/knn3/train_encodings.npz,logs/best_models/otitis_four_class/resnet18/otite_ds_64/USA_Turquie_Chili_GMFUNL/nsize224/fgsm1/ncal0/hinge/inverseTriplet/prototypes_no/npos1/nneg1/protoagg_mean_1/normyes/dist_cosine/knn3/valid_encodings.npz,logs/best_models/otitis_four_class/resnet18/otite_ds_64/USA_Turquie_Chili_GMFUNL/nsize224/fgsm1/ncal0/hinge/inverseTriplet/prototypes_no/npos1/nneg1/protoagg_mean_1/normyes/dist_cosine/knn3/test_encodings.npz,,yes,,0.5004345937369794,0.5004345937369794,0.7689209453734154,0.4131510488465008,0.7657701697886686,0.7878787878787878,0.9703828774218771,0.8644628099173552,0.8434343434343435,0.9689965727061345,0.23821548821548819,0.4511784511784512,18,KNN (k=18),knn,2,18,KNN (k=18),knn,2,"Banque_Calaman_USA_2020_trie_CM,Banque_Comert_Turquie_2020_jpg,Banque_Viscaino_Chili_2020,GMFUNL_jan2023",inference,inference,"Banque_Calaman_USA_2020_trie_CM,Banque_Comert_Turquie_2020_jpg,Banque_Viscaino_Chili_2020,GMFUNL_jan2023|inference|inference"
9792b46f3016,otitis_four_class,resnet18,otite_ds_64/USA_Turquie_Chili_GMFUNL,224,1,0,hinge,inverseTriplet,no,1,1,mean,1,yes,euclidean,3,logs/best_models/otitis_four_class/resnet18/otite_ds_64/USA_Turquie_Chili_GMFUNL/nsize224/fgsm1/ncal0/hinge/inverseTriplet/prototypes_no/npos1/nneg1/protoagg_mean_1/normyes/dist_euclidean/knn3,logs/best_models/otitis_four_class/resnet18/otite_ds_64/USA_Turquie_Chili_GMFUNL/nsize224/fgsm1/ncal0/hinge/inverseTriplet/prototypes_no/npos1/nneg1/protoagg_mean_1/normyes/dist_euclidean/knn3/model.pth,logs/best_models/otitis_four_class/resnet18/otite_ds_64/USA_Turquie_Chili_GMFUNL/nsize224/fgsm1/ncal0/hinge/inverseTriplet/prototypes_no/npos1/nneg1/protoagg_mean_1/normyes/dist_euclidean/knn3/prototypes.pkl,logs/best_models/otitis_four_class/resnet18/otite_ds_64/USA_Turquie_Chili_GMFUNL/nsize224/fgsm1/ncal0/hinge/inverseTriplet/prototypes_no/npos1/nneg1/protoagg_mean_1/normyes/dist_euclidean/knn3/train_encodings.npz,logs/best_models/otitis_four_class/resnet18/otite_ds_64/USA_Turquie_Chili_GMFUNL/nsize224/fgsm1/ncal0/hinge/inverseTriplet/prototypes_no/npos1/nneg1/protoagg_mean_1/normyes/dist_euclidean/knn3/valid_encodings.npz,logs/best_models/otitis_four_class/resnet18/otite_ds_64/USA_Turquie_Chili_GMFUNL/nsize224/fgsm1/ncal0/hinge/inverseTriplet/prototypes_no/npos1/nneg1/protoagg_mean_1/normyes/dist_euclidean/knn3/test_encodings.npz,,yes,,0.5004345937369794,0.5004345937369794,0.7689209453734154,0.4131510488465008,0.7657701697886686,0.7878787878787878,0.9703828774218771,0.8644628099173552,0.8434343434343435,0.9689965727061345,0.23821548821548819,0.4511784511784512,18,KNN (k=18),knn,2,18,KNN (k=18),knn,2,"Banque_Calaman_USA_2020_trie_CM,Banque_Comert_Turquie_2020_jpg,Banque_Viscaino_Chili_2020,GMFUNL_jan2023",inference,inference,"Banque_Calaman_USA_2020_trie_CM,Banque_Comert_Turquie_2020_jpg,Banque_Viscaino_Chili_2020,GMFUNL_jan2023|inference|inference"
2209dfc58aa0,otitis_four_class,resnet18,otite_ds_64/USA_Turquie_Chili_GMFUNL,224,1,0,hinge,no,no,1,1,mean,1,yes,none,0,logs/best_models/otitis_four_class/resnet18/otite_ds_64/USA_Turquie_Chili_GMFUNL/nsize224/fgsm1/ncal0/hinge/no/prototypes_no/npos1/nneg1/protoagg_mean_1/normyes/dist_none/knn0,logs/best_models/otitis_four_class/resnet18/otite_ds_64/USA_Turquie_Chili_GMFUNL/nsize224/fgsm1/ncal0/hinge/no/prototypes_no/npos1/nneg1/protoagg_mean_1/normyes/dist_none/knn0/model.pth,logs/best_models/otitis_four_class/resnet18/otite_ds_64/USA_Turquie_Chili_GMFUNL/nsize224/fgsm1/ncal0/hinge/no/prototypes_no/npos1/nneg1/protoagg_mean_1/normyes/dist_none/knn0/prototypes.pkl,logs/best_models/otitis_four_class/resnet18/otite_ds_64/USA_Turquie_Chili_GMFUNL/nsize224/fgsm1/ncal0/hinge/no/prototypes_no/npos1/nneg1/protoagg_mean_1/normyes/dist_none/knn0/train_encodings.npz,logs/best_models/otitis_four_class/resnet18/otite_ds_64/USA_Turquie_Chili_GMFUNL/nsize224/fgsm1/ncal0/hinge/no/prototypes_no/npos1/nneg1/protoagg_mean_1/normyes/dist_none/knn0/valid_encodings.npz,logs/best_models/otitis_four_class/resnet18/otite_ds_64/USA_Turquie_Chili_GMFUNL/nsize224/fgsm1/ncal0/hinge/no/prototypes_no/npos1/nneg1/protoagg_mean_1/normyes/dist_none/knn0/test_encodings.npz,,yes,,0.6411764705882353,0.6411764705882353,0.8004249040921414,0.4815713303308872,0.7999025178570875,0.9016393442622951,0.9045694379907955,0.8235294117647058,0.8,0.9039541702426845,0.02084226628441288,0.17824047440884797,protot_kmeans_4,Prototype: KMEANS (n_comp=4),kmeans,2,protot_kmeans_4,Prototype: KMEANS (n_comp=4),kmeans,2,"Banque_Calaman_USA_2020_trie_CM,Banque_Comert_Turquie_2020_jpg,Banque_Viscaino_Chili_2020,GMFUNL_jan2023,inference",inference,inference,"Banque_Calaman_USA_2020_trie_CM,Banque_Comert_Turquie_2020_jpg,Banque_Viscaino_Chili_2020,GMFUNL_jan2023,inference|inference|inference"
434d0b1e2977,otitis_four_class,resnet18,otite_ds_64/USA_Turquie_Chili_GMFUNL,224,1,0,softmax_contrastive,inverseTriplet,no,1,1,mean,1,yes,cosine,4,logs/best_models/otitis_four_class/resnet18/otite_ds_64/USA_Turquie_Chili_GMFUNL/nsize224/fgsm1/ncal0/softmax_contrastive/inverseTriplet/prototypes_no/npos1/nneg1/protoagg_mean_1/normyes/dist_cosine/knn4,logs/best_models/otitis_four_class/resnet18/otite_ds_64/USA_Turquie_Chili_GMFUNL/nsize224/fgsm1/ncal0/softmax_contrastive/inverseTriplet/prototypes_no/npos1/nneg1/protoagg_mean_1/normyes/dist_cosine/knn4/model.pth,logs/best_models/otitis_four_class/resnet18/otite_ds_64/USA_Turquie_Chili_GMFUNL/nsize224/fgsm1/ncal0/softmax_contrastive/inverseTriplet/prototypes_no/npos1/nneg1/protoagg_mean_1/normyes/dist_cosine/knn4/prototypes.pkl,logs/best_models/otitis_four_class/resnet18/otite_ds_64/USA_Turquie_Chili_GMFUNL/nsize224/fgsm1/ncal0/softmax_contrastive/inverseTriplet/prototypes_no/npos1/nneg1/protoagg_mean_1/normyes/dist_cosine/knn4/train_encodings.npz,logs/best_models/otitis_four_class/resnet18/otite_ds_64/USA_Turquie_Chili_GMFUNL/nsize224/fgsm1/ncal0/softmax_contrastive/inverseTriplet/prototypes_no/npos1/nneg1/protoagg_mean_1/normyes/dist_cosine/knn4/valid_encodings.npz,logs/best_models/otitis_four_class/resnet18/otite_ds_64/USA_Turquie_Chili_GMFUNL/nsize224/fgsm1/ncal0/softmax_contrastive/inverseTriplet/prototypes_no/npos1/nneg1/protoagg_mean_1/normyes/dist_cosine/knn4/test_encodings.npz,logs/otitis_four_class/e80feac1-dbaf-4076-b3e2-912638d75f2d,yes,,0.4516599046208679,0.4516599046208679,0.6640147519836538,0.3024184476928859,0.6620021147003533,0.7272727272727273,0.9103254055122572,0.834710743801653,0.5101010101010102,0.9089654966095253,0.05866119780770686,0.42591809103426337,protot_gmm_4,Prototype: GMM (n_comp=4),gmm,2,protot_gmm_4,Prototype: GMM (n_comp=4),gmm,2,"Banque_Calaman_USA_2020_trie_CM,Banque_Comert_Turquie_2020_jpg,Banque_Viscaino_Chili_2020,GMFUNL_jan2023",inference,inference,"Banque_Calaman_USA_2020_trie_CM,Banque_Comert_Turquie_2020_jpg,Banque_Viscaino_Chili_2020,GMFUNL_jan2023|inference|inference"
c572ea4900c5,otitis_four_class,resnet18,otite_ds_64/USA_Turquie_Chili_GMFUNL,224,1,0,softmax_contrastive,no,no,1,1,mean,1,yes,cosine,3,logs/best_models/otitis_four_class/resnet18/otite_ds_64/USA_Turquie_Chili_GMFUNL/nsize224/fgsm1/ncal0/softmax_contrastive/no/prototypes_no/npos1/nneg1/protoagg_mean_1/normyes/dist_cosine/knn3,logs/best_models/otitis_four_class/resnet18/otite_ds_64/USA_Turquie_Chili_GMFUNL/nsize224/fgsm1/ncal0/softmax_contrastive/no/prototypes_no/npos1/nneg1/protoagg_mean_1/normyes/dist_cosine/knn3/model.pth,logs/best_models/otitis_four_class/resnet18/otite_ds_64/USA_Turquie_Chili_GMFUNL/nsize224/fgsm1/ncal0/softmax_contrastive/no/prototypes_no/npos1/nneg1/protoagg_mean_1/normyes/dist_cosine/knn3/prototypes.pkl,logs/best_models/otitis_four_class/resnet18/otite_ds_64/USA_Turquie_Chili_GMFUNL/nsize224/fgsm1/ncal0/softmax_contrastive/no/prototypes_no/npos1/nneg1/protoagg_mean_1/normyes/dist_cosine/knn3/train_encodings.npz,logs/best_models/otitis_four_class/resnet18/otite_ds_64/USA_Turquie_Chili_GMFUNL/nsize224/fgsm1/ncal0/softmax_contrastive/no/prototypes_no/npos1/nneg1/protoagg_mean_1/normyes/dist_cosine/knn3/valid_encodings.npz,logs/best_models/otitis_four_class/resnet18/otite_ds_64/USA_Turquie_Chili_GMFUNL/nsize224/fgsm1/ncal0/softmax_contrastive/no/prototypes_no/npos1/nneg1/protoagg_mean_1/normyes/dist_cosine/knn3/test_encodings.npz,,yes,,0.5004345937369794,0.5004345937369794,0.7689209453734154,0.4131510488465008,0.7657701697886686,0.7878787878787878,0.9703828774218771,0.8644628099173552,0.8434343434343435,0.9689965727061345,0.23821548821548819,0.4511784511784512,18,KNN (k=18),knn,2,18,KNN (k=18),knn,2,"Banque_Calaman_USA_2020_trie_CM,Banque_Comert_Turquie_2020_jpg,Banque_Viscaino_Chili_2020,GMFUNL_jan2023",inference,inference,"Banque_Calaman_USA_2020_trie_CM,Banque_Comert_Turquie_2020_jpg,Banque_Viscaino_Chili_2020,GMFUNL_jan2023|inference|inference"
dc6e9553f4bd,otitis_four_class,resnet18,otite_ds_64/USA_Turquie_Chili_GMFUNL,224,1,0,triplet,inverseTriplet,batch,1,1,mean,1,yes,cosine,1,logs/best_models/otitis_four_class/resnet18/otite_ds_64/USA_Turquie_Chili_GMFUNL/nsize224/fgsm1/ncal0/triplet/inverseTriplet/prototypes_batch/npos1/nneg1/protoagg_mean_1/normyes/dist_cosine/knn1,logs/best_models/otitis_four_class/resnet18/otite_ds_64/USA_Turquie_Chili_GMFUNL/nsize224/fgsm1/ncal0/triplet/inverseTriplet/prototypes_batch/npos1/nneg1/protoagg_mean_1/normyes/dist_cosine/knn1/model.pth,logs/best_models/otitis_four_class/resnet18/otite_ds_64/USA_Turquie_Chili_GMFUNL/nsize224/fgsm1/ncal0/triplet/inverseTriplet/prototypes_batch/npos1/nneg1/protoagg_mean_1/normyes/dist_cosine/knn1/prototypes.pkl,logs/best_models/otitis_four_class/resnet18/otite_ds_64/USA_Turquie_Chili_GMFUNL/nsize224/fgsm1/ncal0/triplet/inverseTriplet/prototypes_batch/npos1/nneg1/protoagg_mean_1/normyes/dist_cosine/knn1/train_encodings.npz,logs/best_models/otitis_four_class/resnet18/otite_ds_64/USA_Turquie_Chili_GMFUNL/nsize224/fgsm1/ncal0/triplet/inverseTriplet/prototypes_batch/npos1/nneg1/protoagg_mean_1/normyes/dist_cosine/knn1/valid_encodings.npz,logs/best_models/otitis_four_class/resnet18/otite_ds_64/USA_Turquie_Chili_GMFUNL/nsize224/fgsm1/ncal0/triplet/inverseTriplet/prototypes_batch/npos1/nneg1/protoagg_mean_1/normyes/dist_cosine/knn1/test_encodings.npz,,yes,,0.6897979292329923,0.6897979292329923,0.8911933769783165,0.06262242910851495,0.8875518425628173,0.9180327868852459,0.9898004168148279,0.8049019607843136,0.801,0.9884444094608158,0.17110655737704916,0.21657274590163936,16,KNN (k=16),knn,2,16,KNN (k=16),knn,2,"Banque_Calaman_USA_2020_trie_CM,Banque_Comert_Turquie_2020_jpg,Banque_Viscaino_Chili_2020,GMFUNL_jan2023,inference",inference,inference,"Banque_Calaman_USA_2020_trie_CM,Banque_Comert_Turquie_2020_jpg,Banque_Viscaino_Chili_2020,GMFUNL_jan2023,inference|inference|inference"
8c78e13d6056,otitis_four_class,resnet18,otite_ds_64/USA_Turquie_Chili_GMFUNL,224,1,0,triplet,inverseTriplet,class,1,1,mean,1,yes,cosine,1,logs/best_models/otitis_four_class/resnet18/otite_ds_64/USA_Turquie_Chili_GMFUNL/nsize224/fgsm1/ncal0/triplet/inverseTriplet/prototypes_class/npos1/nneg1/protoagg_mean_1/normyes/dist_cosine/knn1,logs/best_models/otitis_four_class/resnet18/otite_ds_64/USA_Turquie_Chili_GMFUNL/nsize224/fgsm1/ncal0/triplet/inverseTriplet/prototypes_class/npos1/nneg1/protoagg_mean_1/normyes/dist_cosine/knn1/model.pth,logs/best_models/otitis_four_class/resnet18/otite_ds_64/USA_Turquie_Chili_GMFUNL/nsize224/fgsm1/ncal0/triplet/inverseTriplet/prototypes_class/npos1/nneg1/protoagg_mean_1/normyes/dist_cosine/knn1/prototypes.pkl,logs/best_models/otitis_four_class/resnet18/otite_ds_64/USA_Turquie_Chili_GMFUNL/nsize224/fgsm1/ncal0/triplet/inverseTriplet/prototypes_class/npos1/nneg1/protoagg_mean_1/normyes/dist_cosine/knn1/train_encodings.npz,logs/best_models/otitis_four_class/resnet18/otite_ds_64/USA_Turquie_Chili_GMFUNL/nsize224/fgsm1/ncal0/triplet/inverseTriplet/prototypes_class/npos1/nneg1/protoagg_mean_1/normyes/dist_cosine/knn1/valid_encodings.npz,logs/best_models/otitis_four_class/resnet18/otite_ds_64/USA_Turquie_Chili_GMFUNL/nsize224/fgsm1/ncal0/triplet/inverseTriplet/prototypes_class/npos1/nneg1/protoagg_mean_1/normyes/dist_cosine/knn1/test_encodings.npz,logs/otitis_four_class/cc8043c8-3080-4922-834c-f66b3df30123,yes,,0.6897979292329923,0.6897979292329923,0.8911933769783165,0.06262242910851495,0.8875518425628173,0.9180327868852459,0.9898004168148279,0.8049019607843136,0.801,0.9884444094608158,0.17110655737704916,0.21657274590163936,16,KNN (k=16),knn,2,16,KNN (k=16),knn,2,"Banque_Calaman_USA_2020_trie_CM,Banque_Comert_Turquie_2020_jpg,Banque_Viscaino_Chili_2020,GMFUNL_jan2023,inference",inference,inference,"Banque_Calaman_USA_2020_trie_CM,Banque_Comert_Turquie_2020_jpg,Banque_Viscaino_Chili_2020,GMFUNL_jan2023,inference|inference|inference"
6d347e85a0a7,otitis_four_class,resnet18,otite_ds_64/USA_Turquie_Chili_GMFUNL,224,1,0,triplet,inverseTriplet,no,1,1,mean,1,yes,cosine,4,logs/best_models/otitis_four_class/resnet18/otite_ds_64/USA_Turquie_Chili_GMFUNL/nsize224/fgsm1/ncal0/triplet/inverseTriplet/prototypes_no/npos1/nneg1/protoagg_mean_1/normyes/dist_cosine/knn4,logs/best_models/otitis_four_class/resnet18/otite_ds_64/USA_Turquie_Chili_GMFUNL/nsize224/fgsm1/ncal0/triplet/inverseTriplet/prototypes_no/npos1/nneg1/protoagg_mean_1/normyes/dist_cosine/knn4/model.pth,logs/best_models/otitis_four_class/resnet18/otite_ds_64/USA_Turquie_Chili_GMFUNL/nsize224/fgsm1/ncal0/triplet/inverseTriplet/prototypes_no/npos1/nneg1/protoagg_mean_1/normyes/dist_cosine/knn4/prototypes.pkl,logs/best_models/otitis_four_class/resnet18/otite_ds_64/USA_Turquie_Chili_GMFUNL/nsize224/fgsm1/ncal0/triplet/inverseTriplet/prototypes_no/npos1/nneg1/protoagg_mean_1/normyes/dist_cosine/knn4/train_encodings.npz,logs/best_models/otitis_four_class/resnet18/otite_ds_64/USA_Turquie_Chili_GMFUNL/nsize224/fgsm1/ncal0/triplet/inverseTriplet/prototypes_no/npos1/nneg1/protoagg_mean_1/normyes/dist_cosine/knn4/valid_encodings.npz,logs/best_models/otitis_four_class/resnet18/otite_ds_64/USA_Turquie_Chili_GMFUNL/nsize224/fgsm1/ncal0/triplet/inverseTriplet/prototypes_no/npos1/nneg1/protoagg_mean_1/normyes/dist_cosine/knn4/test_encodings.npz,,yes,,0.4516599046208679,0.4516599046208679,0.6640147519836538,0.3024184476928859,0.6620021147003533,0.7272727272727273,0.9103254055122572,0.834710743801653,0.5101010101010102,0.9089654966095253,0.05866119780770686,0.42591809103426337,protot_gmm_4,Prototype: GMM (n_comp=4),gmm,2,protot_gmm_4,Prototype: GMM (n_comp=4),gmm,2,"Banque_Calaman_USA_2020_trie_CM,Banque_Comert_Turquie_2020_jpg,Banque_Viscaino_Chili_2020,GMFUNL_jan2023",inference,inference,"Banque_Calaman_USA_2020_trie_CM,Banque_Comert_Turquie_2020_jpg,Banque_Viscaino_Chili_2020,GMFUNL_jan2023|inference|inference"
11911eabafc0,otitis_four_class,resnet18,otite_ds_64/USA_Turquie_Chili_GMFUNL,224,1,0,triplet,inverseTriplet,no,1,5,mean,1,yes,cosine,1,logs/best_models/otitis_four_class/resnet18/otite_ds_64/USA_Turquie_Chili_GMFUNL/nsize224/fgsm1/ncal0/triplet/inverseTriplet/prototypes_no/npos1/nneg5/protoagg_mean_1/normyes/dist_cosine/knn1,logs/best_models/otitis_four_class/resnet18/otite_ds_64/USA_Turquie_Chili_GMFUNL/nsize224/fgsm1/ncal0/triplet/inverseTriplet/prototypes_no/npos1/nneg5/protoagg_mean_1/normyes/dist_cosine/knn1/model.pth,logs/best_models/otitis_four_class/resnet18/otite_ds_64/USA_Turquie_Chili_GMFUNL/nsize224/fgsm1/ncal0/triplet/inverseTriplet/prototypes_no/npos1/nneg5/protoagg_mean_1/normyes/dist_cosine/knn1/prototypes.pkl,logs/best_models/otitis_four_class/resnet18/otite_ds_64/USA_Turquie_Chili_GMFUNL/nsize224/fgsm1/ncal0/triplet/inverseTriplet/prototypes_no/npos1/nneg5/protoagg_mean_1/normyes/dist_cosine/knn1/train_encodings.npz,logs/best_models/otitis_four_class/resnet18/otite_ds_64/USA_Turquie_Chili_GMFUNL/nsize224/fgsm1/ncal0/triplet/inverseTriplet/prototypes_no/npos1/nneg5/protoagg_mean_1/normyes/dist_cosine/knn1/valid_encodings.npz,logs/best_models/otitis_four_class/resnet18/otite_ds_64/USA_Turquie_Chili_GMFUNL/nsize224/fgsm1/ncal0/triplet/inverseTriplet/prototypes_no/npos1/nneg5/protoagg_mean_1/normyes/dist_cosine/knn1/test_encodings.npz,,yes,,0.6897979292329923,0.6897979292329923,0.8911933769783165,0.06262242910851495,0.8875518425628173,0.9180327868852459,0.9898004168148279,0.8049019607843136,0.801,0.9884444094608158,0.17110655737704916,0.21657274590163936,16,KNN (k=16),knn,2,16,KNN (k=16),knn,2,"Banque_Calaman_USA_2020_trie_CM,Banque_Comert_Turquie_2020_jpg,Banque_Viscaino_Chili_2020,GMFUNL_jan2023,inference",inference,inference,"Banque_Calaman_USA_2020_trie_CM,Banque_Comert_Turquie_2020_jpg,Banque_Viscaino_Chili_2020,GMFUNL_jan2023,inference|inference|inference"
313f682d7e8e,otitis_four_class,resnet18,otite_ds_64/USA_Turquie_Chili_GMFUNL,224,1,0,triplet,inverseTriplet,no,1,5,mean,1,yes,cosine,4,logs/best_models/otitis_four_class/resnet18/otite_ds_64/USA_Turquie_Chili_GMFUNL/nsize224/fgsm1/ncal0/triplet/inverseTriplet/prototypes_no/npos1/nneg5/protoagg_mean_1/normyes/dist_cosine/knn4,logs/best_models/otitis_four_class/resnet18/otite_ds_64/USA_Turquie_Chili_GMFUNL/nsize224/fgsm1/ncal0/triplet/inverseTriplet/prototypes_no/npos1/nneg5/protoagg_mean_1/normyes/dist_cosine/knn4/model.pth,logs/best_models/otitis_four_class/resnet18/otite_ds_64/USA_Turquie_Chili_GMFUNL/nsize224/fgsm1/ncal0/triplet/inverseTriplet/prototypes_no/npos1/nneg5/protoagg_mean_1/normyes/dist_cosine/knn4/prototypes.pkl,logs/best_models/otitis_four_class/resnet18/otite_ds_64/USA_Turquie_Chili_GMFUNL/nsize224/fgsm1/ncal0/triplet/inverseTriplet/prototypes_no/npos1/nneg5/protoagg_mean_1/normyes/dist_cosine/knn4/train_encodings.npz,logs/best_models/otitis_four_class/resnet18/otite_ds_64/USA_Turquie_Chili_GMFUNL/nsize224/fgsm1/ncal0/triplet/inverseTriplet/prototypes_no/npos1/nneg5/protoagg_mean_1/normyes/dist_cosine/knn4/valid_encodings.npz,logs/best_models/otitis_four_class/resnet18/otite_ds_64/USA_Turquie_Chili_GMFUNL/nsize224/fgsm1/ncal0/triplet/inverseTriplet/prototypes_no/npos1/nneg5/protoagg_mean_1/normyes/dist_cosine/knn4/test_encodings.npz,,yes,,0.4516599046208679,0.4516599046208679,0.6640147519836538,0.3024184476928859,0.6620021147003533,0.7272727272727273,0.9103254055122572,0.834710743801653,0.5101010101010102,0.9089654966095253,0.05866119780770686,0.42591809103426337,protot_gmm_4,Prototype: GMM (n_comp=4),gmm,2,protot_gmm_4,Prototype: GMM (n_comp=4),gmm,2,"Banque_Calaman_USA_2020_trie_CM,Banque_Comert_Turquie_2020_jpg,Banque_Viscaino_Chili_2020,GMFUNL_jan2023",inference,inference,"Banque_Calaman_USA_2020_trie_CM,Banque_Comert_Turquie_2020_jpg,Banque_Viscaino_Chili_2020,GMFUNL_jan2023|inference|inference"
674c0d02b523,otitis_four_class,resnet18,otite_ds_64/USA_Turquie_Chili_GMFUNL,224,1,0,triplet,no,class,1,1,mean,1,yes,cosine,2,logs/best_models/otitis_four_class/resnet18/otite_ds_64/USA_Turquie_Chili_GMFUNL/nsize224/fgsm1/ncal0/triplet/no/prototypes_class/npos1/nneg1/protoagg_mean_1/normyes/dist_cosine/knn2,logs/best_models/otitis_four_class/resnet18/otite_ds_64/USA_Turquie_Chili_GMFUNL/nsize224/fgsm1/ncal0/triplet/no/prototypes_class/npos1/nneg1/protoagg_mean_1/normyes/dist_cosine/knn2/model.pth,logs/best_models/otitis_four_class/resnet18/otite_ds_64/USA_Turquie_Chili_GMFUNL/nsize224/fgsm1/ncal0/triplet/no/prototypes_class/npos1/nneg1/protoagg_mean_1/normyes/dist_cosine/knn2/prototypes.pkl,logs/best_models/otitis_four_class/resnet18/otite_ds_64/USA_Turquie_Chili_GMFUNL/nsize224/fgsm1/ncal0/triplet/no/prototypes_class/npos1/nneg1/protoagg_mean_1/normyes/dist_cosine/knn2/train_encodings.npz,logs/best_models/otitis_four_class/resnet18/otite_ds_64/USA_Turquie_Chili_GMFUNL/nsize224/fgsm1/ncal0/triplet/no/prototypes_class/npos1/nneg1/protoagg_mean_1/normyes/dist_cosine/knn2/valid_encodings.npz,logs/best_models/otitis_four_class/resnet18/otite_ds_64/USA_Turquie_Chili_GMFUNL/nsize224/fgsm1/ncal0/triplet/no/prototypes_class/npos1/nneg1/protoagg_mean_1/normyes/dist_cosine/knn2/test_encodings.npz,logs/otitis_four_class/d645d1a2-6ffb-4d84-981e-e892bdf59441,yes,,0.4640954808922571,0.4640954808922571,0.6790196085734902,0.262431940540739,0.6743044296736455,0.8333333333333334,0.7119788599626571,0.7404958677685951,0.7474747474747474,0.7096815243359629,0.16666666666666663,0.3333333333333329,baseline_qda,Quadratic Discriminant,qda,0,baseline_qda,Quadratic Discriminant,qda,0,"Banque_Calaman_USA_2020_trie_CM,Banque_Comert_Turquie_2020_jpg,Banque_Viscaino_Chili_2020,GMFUNL_jan2023,inference",inference,inference,"Banque_Calaman_USA_2020_trie_CM,Banque_Comert_Turquie_2020_jpg,Banque_Viscaino_Chili_2020,GMFUNL_jan2023,inference|inference|inference"
1eb0a834d67e,otitis_four_class,resnet18,otite_ds_64/USA_Turquie_Chili_GMFUNL,224,1,0,triplet,no,class,1,1,mean,1,yes,euclidean,4,logs/best_models/otitis_four_class/resnet18/otite_ds_64/USA_Turquie_Chili_GMFUNL/nsize224/fgsm1/ncal0/triplet/no/prototypes_class/npos1/nneg1/protoagg_mean_1/normyes/dist_euclidean/knn4,logs/best_models/otitis_four_class/resnet18/otite_ds_64/USA_Turquie_Chili_GMFUNL/nsize224/fgsm1/ncal0/triplet/no/prototypes_class/npos1/nneg1/protoagg_mean_1/normyes/dist_euclidean/knn4/model.pth,logs/best_models/otitis_four_class/resnet18/otite_ds_64/USA_Turquie_Chili_GMFUNL/nsize224/fgsm1/ncal0/triplet/no/prototypes_class/npos1/nneg1/protoagg_mean_1/normyes/dist_euclidean/knn4/prototypes.pkl,logs/best_models/otitis_four_class/resnet18/otite_ds_64/USA_Turquie_Chili_GMFUNL/nsize224/fgsm1/ncal0/triplet/no/prototypes_class/npos1/nneg1/protoagg_mean_1/normyes/dist_euclidean/knn4/train_encodings.npz,logs/best_models/otitis_four_class/resnet18/otite_ds_64/USA_Turquie_Chili_GMFUNL/nsize224/fgsm1/ncal0/triplet/no/prototypes_class/npos1/nneg1/protoagg_mean_1/normyes/dist_euclidean/knn4/valid_encodings.npz,logs/best_models/otitis_four_class/resnet18/otite_ds_64/USA_Turquie_Chili_GMFUNL/nsize224/fgsm1/ncal0/triplet/no/prototypes_class/npos1/nneg1/protoagg_mean_1/normyes/dist_euclidean/knn4/test_encodings.npz,logs/otitis_four_class/4183d008-c12d-4ba9-805c-f19e1f6c7349,yes,,0.4516599046208679,0.4516599046208679,0.6640147519836538,0.3024184476928859,0.6620021147003533,0.7272727272727273,0.9103254055122572,0.834710743801653,0.5101010101010102,0.9089654966095253,0.05866119780770686,0.42591809103426337,protot_gmm_4,Prototype: GMM (n_comp=4),gmm,2,protot_gmm_4,Prototype: GMM (n_comp=4),gmm,2,"Banque_Calaman_USA_2020_trie_CM,Banque_Comert_Turquie_2020_jpg,Banque_Viscaino_Chili_2020,GMFUNL_jan2023",inference,inference,"Banque_Calaman_USA_2020_trie_CM,Banque_Comert_Turquie_2020_jpg,Banque_Viscaino_Chili_2020,GMFUNL_jan2023|inference|inference"
a01b0d29f21b,otitis_four_class,resnet18,otite_ds_64/USA_Turquie_Chili_GMFUNL,224,1,0,triplet,no,no,1,1,mean,1,yes,cosine,3,logs/best_models/otitis_four_class/resnet18/otite_ds_64/USA_Turquie_Chili_GMFUNL/nsize224/fgsm1/ncal0/triplet/no/prototypes_no/npos1/nneg1/protoagg_mean_1/normyes/dist_cosine/knn3,logs/best_models/otitis_four_class/resnet18/otite_ds_64/USA_Turquie_Chili_GMFUNL/nsize224/fgsm1/ncal0/triplet/no/prototypes_no/npos1/nneg1/protoagg_mean_1/normyes/dist_cosine/knn3/model.pth,logs/best_models/otitis_four_class/resnet18/otite_ds_64/USA_Turquie_Chili_GMFUNL/nsize224/fgsm1/ncal0/triplet/no/prototypes_no/npos1/nneg1/protoagg_mean_1/normyes/dist_cosine/knn3/prototypes.pkl,logs/best_models/otitis_four_class/resnet18/otite_ds_64/USA_Turquie_Chili_GMFUNL/nsize224/fgsm1/ncal0/triplet/no/prototypes_no/npos1/nneg1/protoagg_mean_1/normyes/dist_cosine/knn3/train_encodings.npz,logs/best_models/otitis_four_class/resnet18/otite_ds_64/USA_Turquie_Chili_GMFUNL/nsize224/fgsm1/ncal0/triplet/no/prototypes_no/npos1/nneg1/protoagg_mean_1/normyes/dist_cosine/knn3/valid_encodings.npz,logs/best_models/otitis_four_class/resnet18/otite_ds_64/USA_Turquie_Chili_GMFUNL/nsize224/fgsm1/ncal0/triplet/no/prototypes_no/npos1/nneg1/protoagg_mean_1/normyes/dist_cosine/knn3/test_encodings.npz,logs/otitis_four_class/5d70748b-62ae-4710-92b0-e6f6130fe205,yes,,0.5004345937369794,0.5004345937369794,0.7689209453734154,0.4131510488465008,0.7657701697886686,0.7878787878787878,0.9703828774218771,0.8644628099173552,0.8434343434343435,0.9689965727061345,0.23821548821548819,0.4511784511784512,18,KNN (k=18),knn,2,18,KNN (k=18),knn,2,"Banque_Calaman_USA_2020_trie_CM,Banque_Comert_Turquie_2020_jpg,Banque_Viscaino_Chili_2020,GMFUNL_jan2023",inference,inference,"Banque_Calaman_USA_2020_trie_CM,Banque_Comert_Turquie_2020_jpg,Banque_Viscaino_Chili_2020,GMFUNL_jan2023|inference|inference"
f32bdac884dd,otitis_four_class,resnet18,otite_ds_64/USA_Turquie_Chili_GMFUNL,224,1,0,triplet,no,no,1,1,mean,1,yes,euclidean,3,logs/best_models/otitis_four_class/resnet18/otite_ds_64/USA_Turquie_Chili_GMFUNL/nsize224/fgsm1/ncal0/triplet/no/prototypes_no/npos1/nneg1/protoagg_mean_1/normyes/dist_euclidean/knn3,logs/best_models/otitis_four_class/resnet18/otite_ds_64/USA_Turquie_Chili_GMFUNL/nsize224/fgsm1/ncal0/triplet/no/prototypes_no/npos1/nneg1/protoagg_mean_1/normyes/dist_euclidean/knn3/model.pth,logs/best_models/otitis_four_class/resnet18/otite_ds_64/USA_Turquie_Chili_GMFUNL/nsize224/fgsm1/ncal0/triplet/no/prototypes_no/npos1/nneg1/protoagg_mean_1/normyes/dist_euclidean/knn3/prototypes.pkl,logs/best_models/otitis_four_class/resnet18/otite_ds_64/USA_Turquie_Chili_GMFUNL/nsize224/fgsm1/ncal0/triplet/no/prototypes_no/npos1/nneg1/protoagg_mean_1/normyes/dist_euclidean/knn3/train_encodings.npz,logs/best_models/otitis_four_class/resnet18/otite_ds_64/USA_Turquie_Chili_GMFUNL/nsize224/fgsm1/ncal0/triplet/no/prototypes_no/npos1/nneg1/protoagg_mean_1/normyes/dist_euclidean/knn3/valid_encodings.npz,logs/best_models/otitis_four_class/resnet18/otite_ds_64/USA_Turquie_Chili_GMFUNL/nsize224/fgsm1/ncal0/triplet/no/prototypes_no/npos1/nneg1/protoagg_mean_1/normyes/dist_euclidean/knn3/test_encodings.npz,logs/otitis_four_class/051f180c-6e11-4ab0-a01b-c230fe016fe9,yes,,0.5004345937369794,0.5004345937369794,0.7689209453734154,0.4131510488465008,0.7657701697886686,0.7878787878787878,0.9703828774218771,0.8644628099173552,0.8434343434343435,0.9689965727061345,0.23821548821548819,0.4511784511784512,18,KNN (k=18),knn,2,18,KNN (k=18),knn,2,"Banque_Calaman_USA_2020_trie_CM,Banque_Comert_Turquie_2020_jpg,Banque_Viscaino_Chili_2020,GMFUNL_jan2023",inference,inference,"Banque_Calaman_USA_2020_trie_CM,Banque_Comert_Turquie_2020_jpg,Banque_Viscaino_Chili_2020,GMFUNL_jan2023|inference|inference"
25437d441eba,otitis_four_class,resnet18,otite_ds_64/USA_Turquie_Chili_GMFUNL,224,1,0,triplet,no,no,1,5,mean,1,yes,cosine,2,logs/best_models/otitis_four_class/resnet18/otite_ds_64/USA_Turquie_Chili_GMFUNL/nsize224/fgsm1/ncal0/triplet/no/prototypes_no/npos1/nneg5/protoagg_mean_1/normyes/dist_cosine/knn2,logs/best_models/otitis_four_class/resnet18/otite_ds_64/USA_Turquie_Chili_GMFUNL/nsize224/fgsm1/ncal0/triplet/no/prototypes_no/npos1/nneg5/protoagg_mean_1/normyes/dist_cosine/knn2/model.pth,logs/best_models/otitis_four_class/resnet18/otite_ds_64/USA_Turquie_Chili_GMFUNL/nsize224/fgsm1/ncal0/triplet/no/prototypes_no/npos1/nneg5/protoagg_mean_1/normyes/dist_cosine/knn2/prototypes.pkl,logs/best_models/otitis_four_class/resnet18/otite_ds_64/USA_Turquie_Chili_GMFUNL/nsize224/fgsm1/ncal0/triplet/no/prototypes_no/npos1/nneg5/protoagg_mean_1/normyes/dist_cosine/knn2/train_encodings.npz,logs/best_models/otitis_four_class/resnet18/otite_ds_64/USA_Turquie_Chili_GMFUNL/nsize224/fgsm1/ncal0/triplet/no/prototypes_no/npos1/nneg5/protoagg_mean_1/normyes/dist_cosine/knn2/valid_encodings.npz,logs/best_models/otitis_four_class/resnet18/otite_ds_64/USA_Turquie_Chili_GMFUNL/nsize224/fgsm1/ncal0/triplet/no/prototypes_no/npos1/nneg5/protoagg_mean_1/normyes/dist_cosine/knn2/test_encodings.npz,,yes,,0.4640954808922571,0.4640954808922571,0.6790196085734902,0.262431940540739,0.6743044296736455,0.8333333333333334,0.7119788599626571,0.7404958677685951,0.7474747474747474,0.7096815243359629,0.16666666666666663,0.3333333333333329,baseline_qda,Quadratic Discriminant,qda,0,baseline_qda,Quadratic Discriminant,qda,0,"Banque_Calaman_USA_2020_trie_CM,Banque_Comert_Turquie_2020_jpg,Banque_Viscaino_Chili_2020,GMFUNL_jan2023,inference",inference,inference,"Banque_Calaman_USA_2020_trie_CM,Banque_Comert_Turquie_2020_jpg,Banque_Viscaino_Chili_2020,GMFUNL_jan2023,inference|inference|inference"
a7e7710a73b9,otitis_four_class,resnet18,otite_ds_64/USA_Turquie_Chili_GMFUNL,224,1,0,triplet,no,no,1,5,mean,1,yes,cosine,3,logs/best_models/otitis_four_class/resnet18/otite_ds_64/USA_Turquie_Chili_GMFUNL/nsize224/fgsm1/ncal0/triplet/no/prototypes_no/npos1/nneg5/protoagg_mean_1/normyes/dist_cosine/knn3,logs/best_models/otitis_four_class/resnet18/otite_ds_64/USA_Turquie_Chili_GMFUNL/nsize224/fgsm1/ncal0/triplet/no/prototypes_no/npos1/nneg5/protoagg_mean_1/normyes/dist_cosine/knn3/model.pth,logs/best_models/otitis_four_class/resnet18/otite_ds_64/USA_Turquie_Chili_GMFUNL/nsize224/fgsm1/ncal0/triplet/no/prototypes_no/npos1/nneg5/protoagg_mean_1/normyes/dist_cosine/knn3/prototypes.pkl,logs/best_models/otitis_four_class/resnet18/otite_ds_64/USA_Turquie_Chili_GMFUNL/nsize224/fgsm1/ncal0/triplet/no/prototypes_no/npos1/nneg5/protoagg_mean_1/normyes/dist_cosine/knn3/train_encodings.npz,logs/best_models/otitis_four_class/resnet18/otite_ds_64/USA_Turquie_Chili_GMFUNL/nsize224/fgsm1/ncal0/triplet/no/prototypes_no/npos1/nneg5/protoagg_mean_1/normyes/dist_cosine/knn3/valid_encodings.npz,logs/best_models/otitis_four_class/resnet18/otite_ds_64/USA_Turquie_Chili_GMFUNL/nsize224/fgsm1/ncal0/triplet/no/prototypes_no/npos1/nneg5/protoagg_mean_1/normyes/dist_cosine/knn3/test_encodings.npz,,yes,,0.5004345937369794,0.5004345937369794,0.7689209453734154,0.4131510488465008,0.7657701697886686,0.7878787878787878,0.9703828774218771,0.8644628099173552,0.8434343434343435,0.9689965727061345,0.23821548821548819,0.4511784511784512,18,KNN (k=18),knn,2,18,KNN (k=18),knn,2,"Banque_Calaman_USA_2020_trie_CM,Banque_Comert_Turquie_2020_jpg,Banque_Viscaino_Chili_2020,GMFUNL_jan2023",inference,inference,"Banque_Calaman_USA_2020_trie_CM,Banque_Comert_Turquie_2020_jpg,Banque_Viscaino_Chili_2020,GMFUNL_jan2023|inference|inference"
4ce3ec27fd56,otitis_four_class,resnet18,otite_ds_64/USA_Turquie_Chili_GMFUNL,224,1,0,triplet,no,no,1,5,mean,1,yes,euclidean,3,logs/best_models/otitis_four_class/resnet18/otite_ds_64/USA_Turquie_Chili_GMFUNL/nsize224/fgsm1/ncal0/triplet/no/prototypes_no/npos1/nneg5/protoagg_mean_1/normyes/dist_euclidean/knn3,logs/best_models/otitis_four_class/resnet18/otite_ds_64/USA_Turquie_Chili_GMFUNL/nsize224/fgsm1/ncal0/triplet/no/prototypes_no/npos1/nneg5/protoagg_mean_1/normyes/dist_euclidean/knn3/model.pth,logs/best_models/otitis_four_class/resnet18/otite_ds_64/USA_Turquie_Chili_GMFUNL/nsize224/fgsm1/ncal0/triplet/no/prototypes_no/npos1/nneg5/protoagg_mean_1/normyes/dist_euclidean/knn3/prototypes.pkl,logs/best_models/otitis_four_class/resnet18/otite_ds_64/USA_Turquie_Chili_GMFUNL/nsize224/fgsm1/ncal0/triplet/no/prototypes_no/npos1/nneg5/protoagg_mean_1/normyes/dist_euclidean/knn3/train_encodings.npz,logs/best_models/otitis_four_class/resnet18/otite_ds_64/USA_Turquie_Chili_GMFUNL/nsize224/fgsm1/ncal0/triplet/no/prototypes_no/npos1/nneg5/protoagg_mean_1/normyes/dist_euclidean/knn3/valid_encodings.npz,logs/best_models/otitis_four_class/resnet18/otite_ds_64/USA_Turquie_Chili_GMFUNL/nsize224/fgsm1/ncal0/triplet/no/prototypes_no/npos1/nneg5/protoagg_mean_1/normyes/dist_euclidean/knn3/test_encodings.npz,,yes,,0.5004345937369794,0.5004345937369794,0.7689209453734154,0.4131510488465008,0.7657701697886686,0.7878787878787878,0.9703828774218771,0.8644628099173552,0.8434343434343435,0.9689965727061345,0.23821548821548819,0.4511784511784512,18,KNN (k=18),knn,2,18,KNN (k=18),knn,2,"Banque_Calaman_USA_2020_trie_CM,Banque_Comert_Turquie_2020_jpg,Banque_Viscaino_Chili_2020,GMFUNL_jan2023",inference,inference,"Banque_Calaman_USA_2020_trie_CM,Banque_Comert_Turquie_2020_jpg,Banque_Viscaino_Chili_2020,GMFUNL_jan2023|inference|inference"
7aa2c844f7a0,otitis_four_class,resnet18,otite_ds_64/USA_Turquie_Chili_GMFUNL,224,1,4,arcface,inverseTriplet,batch,1,1,mean,1,yes,cosine,2,logs/best_models/otitis_four_class/resnet18/otite_ds_64/USA_Turquie_Chili_GMFUNL/nsize224/fgsm1/ncal4/arcface/inverseTriplet/prototypes_batch/npos1/nneg1/protoagg_mean_1/normyes/dist_cosine/knn2,logs/best_models/otitis_four_class/resnet18/otite_ds_64/USA_Turquie_Chili_GMFUNL/nsize224/fgsm1/ncal4/arcface/inverseTriplet/prototypes_batch/npos1/nneg1/protoagg_mean_1/normyes/dist_cosine/knn2/model.pth,logs/best_models/otitis_four_class/resnet18/otite_ds_64/USA_Turquie_Chili_GMFUNL/nsize224/fgsm1/ncal4/arcface/inverseTriplet/prototypes_batch/npos1/nneg1/protoagg_mean_1/normyes/dist_cosine/knn2/prototypes.pkl,logs/best_models/otitis_four_class/resnet18/otite_ds_64/USA_Turquie_Chili_GMFUNL/nsize224/fgsm1/ncal4/arcface/inverseTriplet/prototypes_batch/npos1/nneg1/protoagg_mean_1/normyes/dist_cosine/knn2/train_encodings.npz,logs/best_models/otitis_four_class/resnet18/otite_ds_64/USA_Turquie_Chili_GMFUNL/nsize224/fgsm1/ncal4/arcface/inverseTriplet/prototypes_batch/npos1/nneg1/protoagg_mean_1/normyes/dist_cosine/knn2/valid_encodings.npz,logs/best_models/otitis_four_class/resnet18/otite_ds_64/USA_Turquie_Chili_GMFUNL/nsize224/fgsm1/ncal4/arcface/inverseTriplet/prototypes_batch/npos1/nneg1/protoagg_mean_1/normyes/dist_cosine/knn2/test_encodings.npz,,yes,,0.4640954808922571,0.4640954808922571,0.6790196085734902,0.262431940540739,0.6743044296736455,0.8333333333333334,0.7119788599626571,0.7404958677685951,0.7474747474747474,0.7096815243359629,0.16666666666666663,0.3333333333333329,baseline_qda,Quadratic Discriminant,qda,0,baseline_qda,Quadratic Discriminant,qda,0,"Banque_Calaman_USA_2020_trie_CM,Banque_Comert_Turquie_2020_jpg,Banque_Viscaino_Chili_2020,GMFUNL_jan2023,inference",inference,inference,"Banque_Calaman_USA_2020_trie_CM,Banque_Comert_Turquie_2020_jpg,Banque_Viscaino_Chili_2020,GMFUNL_jan2023,inference|inference|inference"
886200cebfc7,otitis_four_class,resnet18,otite_ds_64/USA_Turquie_Chili_GMFUNL,224,1,4,arcface,inverseTriplet,class,1,1,mean,1,yes,cosine,2,logs/best_models/otitis_four_class/resnet18/otite_ds_64/USA_Turquie_Chili_GMFUNL/nsize224/fgsm1/ncal4/arcface/inverseTriplet/prototypes_class/npos1/nneg1/protoagg_mean_1/normyes/dist_cosine/knn2,logs/best_models/otitis_four_class/resnet18/otite_ds_64/USA_Turquie_Chili_GMFUNL/nsize224/fgsm1/ncal4/arcface/inverseTriplet/prototypes_class/npos1/nneg1/protoagg_mean_1/normyes/dist_cosine/knn2/model.pth,logs/best_models/otitis_four_class/resnet18/otite_ds_64/USA_Turquie_Chili_GMFUNL/nsize224/fgsm1/ncal4/arcface/inverseTriplet/prototypes_class/npos1/nneg1/protoagg_mean_1/normyes/dist_cosine/knn2/prototypes.pkl,logs/best_models/otitis_four_class/resnet18/otite_ds_64/USA_Turquie_Chili_GMFUNL/nsize224/fgsm1/ncal4/arcface/inverseTriplet/prototypes_class/npos1/nneg1/protoagg_mean_1/normyes/dist_cosine/knn2/train_encodings.npz,logs/best_models/otitis_four_class/resnet18/otite_ds_64/USA_Turquie_Chili_GMFUNL/nsize224/fgsm1/ncal4/arcface/inverseTriplet/prototypes_class/npos1/nneg1/protoagg_mean_1/normyes/dist_cosine/knn2/valid_encodings.npz,logs/best_models/otitis_four_class/resnet18/otite_ds_64/USA_Turquie_Chili_GMFUNL/nsize224/fgsm1/ncal4/arcface/inverseTriplet/prototypes_class/npos1/nneg1/protoagg_mean_1/normyes/dist_cosine/knn2/test_encodings.npz,logs/otitis_four_class/f84b3c6f-1501-48df-a3a4-f26effc15777,yes,,0.4640954808922571,0.4640954808922571,0.6790196085734902,0.262431940540739,0.6743044296736455,0.8333333333333334,0.7119788599626571,0.7404958677685951,0.7474747474747474,0.7096815243359629,0.16666666666666663,0.3333333333333329,baseline_qda,Quadratic Discriminant,qda,0,baseline_qda,Quadratic Discriminant,qda,0,"Banque_Calaman_USA_2020_trie_CM,Banque_Comert_Turquie_2020_jpg,Banque_Viscaino_Chili_2020,GMFUNL_jan2023,inference",inference,inference,"Banque_Calaman_USA_2020_trie_CM,Banque_Comert_Turquie_2020_jpg,Banque_Viscaino_Chili_2020,GMFUNL_jan2023,inference|inference|inference"
f618d9238493,otitis_four_class,resnet18,otite_ds_64/USA_Turquie_Chili_GMFUNL,224,1,4,arcface,inverseTriplet,no,1,1,mean,1,yes,cosine,3,logs/best_models/otitis_four_class/resnet18/otite_ds_64/USA_Turquie_Chili_GMFUNL/nsize224/fgsm1/ncal4/arcface/inverseTriplet/prototypes_no/npos1/nneg1/protoagg_mean_1/normyes/dist_cosine/knn3,logs/best_models/otitis_four_class/resnet18/otite_ds_64/USA_Turquie_Chili_GMFUNL/nsize224/fgsm1/ncal4/arcface/inverseTriplet/prototypes_no/npos1/nneg1/protoagg_mean_1/normyes/dist_cosine/knn3/model.pth,logs/best_models/otitis_four_class/resnet18/otite_ds_64/USA_Turquie_Chili_GMFUNL/nsize224/fgsm1/ncal4/arcface/inverseTriplet/prototypes_no/npos1/nneg1/protoagg_mean_1/normyes/dist_cosine/knn3/prototypes.pkl,logs/best_models/otitis_four_class/resnet18/otite_ds_64/USA_Turquie_Chili_GMFUNL/nsize224/fgsm1/ncal4/arcface/inverseTriplet/prototypes_no/npos1/nneg1/protoagg_mean_1/normyes/dist_cosine/knn3/train_encodings.npz,logs/best_models/otitis_four_class/resnet18/otite_ds_64/USA_Turquie_Chili_GMFUNL/nsize224/fgsm1/ncal4/arcface/inverseTriplet/prototypes_no/npos1/nneg1/protoagg_mean_1/normyes/dist_cosine/knn3/valid_encodings.npz,logs/best_models/otitis_four_class/resnet18/otite_ds_64/USA_Turquie_Chili_GMFUNL/nsize224/fgsm1/ncal4/arcface/inverseTriplet/prototypes_no/npos1/nneg1/protoagg_mean_1/normyes/dist_cosine/knn3/test_encodings.npz,logs/otitis_four_class/0c15bd1d-ca95-479a-81fc-68be36b4e8a1,yes,,0.5004345937369794,0.5004345937369794,0.7689209453734154,0.4131510488465008,0.7657701697886686,0.7878787878787878,0.9703828774218771,0.8644628099173552,0.8434343434343435,0.9689965727061345,0.23821548821548819,0.4511784511784512,18,KNN (k=18),knn,2,18,KNN (k=18),knn,2,"Banque_Calaman_USA_2020_trie_CM,Banque_Comert_Turquie_2020_jpg,Banque_Viscaino_Chili_2020,GMFUNL_jan2023",inference,inference,"Banque_Calaman_USA_2020_trie_CM,Banque_Comert_Turquie_2020_jpg,Banque_Viscaino_Chili_2020,GMFUNL_jan2023|inference|inference"
4e9363ff9e47,otitis_four_class,resnet18,otite_ds_64/USA_Turquie_Chili_GMFUNL,224,1,4,arcface,inverseTriplet,no,1,1,mean,1,yes,euclidean,3,logs/best_models/otitis_four_class/resnet18/otite_ds_64/USA_Turquie_Chili_GMFUNL/nsize224/fgsm1/ncal4/arcface/inverseTriplet/prototypes_no/npos1/nneg1/protoagg_mean_1/normyes/dist_euclidean/knn3,logs/best_models/otitis_four_class/resnet18/otite_ds_64/USA_Turquie_Chili_GMFUNL/nsize224/fgsm1/ncal4/arcface/inverseTriplet/prototypes_no/npos1/nneg1/protoagg_mean_1/normyes/dist_euclidean/knn3/model.pth,logs/best_models/otitis_four_class/resnet18/otite_ds_64/USA_Turquie_Chili_GMFUNL/nsize224/fgsm1/ncal4/arcface/inverseTriplet/prototypes_no/npos1/nneg1/protoagg_mean_1/normyes/dist_euclidean/knn3/prototypes.pkl,logs/best_models/otitis_four_class/resnet18/otite_ds_64/USA_Turquie_Chili_GMFUNL/nsize224/fgsm1/ncal4/arcface/inverseTriplet/prototypes_no/npos1/nneg1/protoagg_mean_1/normyes/dist_euclidean/knn3/train_encodings.npz,logs/best_models/otitis_four_class/resnet18/otite_ds_64/USA_Turquie_Chili_GMFUNL/nsize224/fgsm1/ncal4/arcface/inverseTriplet/prototypes_no/npos1/nneg1/protoagg_mean_1/normyes/dist_euclidean/knn3/valid_encodings.npz,logs/best_models/otitis_four_class/resnet18/otite_ds_64/USA_Turquie_Chili_GMFUNL/nsize224/fgsm1/ncal4/arcface/inverseTriplet/prototypes_no/npos1/nneg1/protoagg_mean_1/normyes/dist_euclidean/knn3/test_encodings.npz,logs/otitis_four_class/687d0912-bf69-4298-aac8-8eabe7d8e8fe,yes,,0.5004345937369794,0.5004345937369794,0.7689209453734154,0.4131510488465008,0.7657701697886686,0.7878787878787878,0.9703828774218771,0.8644628099173552,0.8434343434343435,0.9689965727061345,0.23821548821548819,0.4511784511784512,18,KNN (k=18),knn,2,18,KNN (k=18),knn,2,"Banque_Calaman_USA_2020_trie_CM,Banque_Comert_Turquie_2020_jpg,Banque_Viscaino_Chili_2020,GMFUNL_jan2023",inference,inference,"Banque_Calaman_USA_2020_trie_CM,Banque_Comert_Turquie_2020_jpg,Banque_Viscaino_Chili_2020,GMFUNL_jan2023|inference|inference"
5b739028b20a,otitis_four_class,resnet18,otite_ds_64/USA_Turquie_Chili_GMFUNL,224,1,4,arcface,no,class,1,1,mean,1,yes,none,1,logs/best_models/otitis_four_class/resnet18/otite_ds_64/USA_Turquie_Chili_GMFUNL/nsize224/fgsm1/ncal4/arcface/no/prototypes_class/npos1/nneg1/protoagg_mean_1/normyes/dist_none/knn1,logs/best_models/otitis_four_class/resnet18/otite_ds_64/USA_Turquie_Chili_GMFUNL/nsize224/fgsm1/ncal4/arcface/no/prototypes_class/npos1/nneg1/protoagg_mean_1/normyes/dist_none/knn1/model.pth,logs/best_models/otitis_four_class/resnet18/otite_ds_64/USA_Turquie_Chili_GMFUNL/nsize224/fgsm1/ncal4/arcface/no/prototypes_class/npos1/nneg1/protoagg_mean_1/normyes/dist_none/knn1/prototypes.pkl,logs/best_models/otitis_four_class/resnet18/otite_ds_64/USA_Turquie_Chili_GMFUNL/nsize224/fgsm1/ncal4/arcface/no/prototypes_class/npos1/nneg1/protoagg_mean_1/normyes/dist_none/knn1/train_encodings.npz,logs/best_models/otitis_four_class/resnet18/otite_ds_64/USA_Turquie_Chili_GMFUNL/nsize224/fgsm1/ncal4/arcface/no/prototypes_class/npos1/nneg1/protoagg_mean_1/normyes/dist_none/knn1/valid_encodings.npz,logs/best_models/otitis_four_class/resnet18/otite_ds_64/USA_Turquie_Chili_GMFUNL/nsize224/fgsm1/ncal4/arcface/no/prototypes_class/npos1/nneg1/protoagg_mean_1/normyes/dist_none/knn1/test_encodings.npz,logs/otitis_four_class/7d8552ee-d7ab-4610-8802-36996ce04a8d,yes,,0.6897979292329923,0.6897979292329923,0.8911933769783165,0.06262242910851495,0.8875518425628173,0.9180327868852459,0.9898004168148279,0.8049019607843136,0.801,0.9884444094608158,0.17110655737704916,0.21657274590163936,16,KNN (k=16),knn,2,16,KNN (k=16),knn,2,"Banque_Calaman_USA_2020_trie_CM,Banque_Comert_Turquie_2020_jpg,Banque_Viscaino_Chili_2020,GMFUNL_jan2023,inference",inference,inference,"Banque_Calaman_USA_2020_trie_CM,Banque_Comert_Turquie_2020_jpg,Banque_Viscaino_Chili_2020,GMFUNL_jan2023,inference|inference|inference"
a9a2221d8572,otitis_four_class,resnet18,otite_ds_64/USA_Turquie_Chili_GMFUNL,224,1,4,arcface,no,class,1,1,mean,1,yes,none,3,logs/best_models/otitis_four_class/resnet18/otite_ds_64/USA_Turquie_Chili_GMFUNL/nsize224/fgsm1/ncal4/arcface/no/prototypes_class/npos1/nneg1/protoagg_mean_1/normyes/dist_none/knn3,logs/best_models/otitis_four_class/resnet18/otite_ds_64/USA_Turquie_Chili_GMFUNL/nsize224/fgsm1/ncal4/arcface/no/prototypes_class/npos1/nneg1/protoagg_mean_1/normyes/dist_none/knn3/model.pth,logs/best_models/otitis_four_class/resnet18/otite_ds_64/USA_Turquie_Chili_GMFUNL/nsize224/fgsm1/ncal4/arcface/no/prototypes_class/npos1/nneg1/protoagg_mean_1/normyes/dist_none/knn3/prototypes.pkl,logs/best_models/otitis_four_class/resnet18/otite_ds_64/USA_Turquie_Chili_GMFUNL/nsize224/fgsm1/ncal4/arcface/no/prototypes_class/npos1/nneg1/protoagg_mean_1/normyes/dist_none/knn3/train_encodings.npz,logs/best_models/otitis_four_class/resnet18/otite_ds_64/USA_Turquie_Chili_GMFUNL/nsize224/fgsm1/ncal4/arcface/no/prototypes_class/npos1/nneg1/protoagg_mean_1/normyes/dist_none/knn3/valid_encodings.npz,logs/best_models/otitis_four_class/resnet18/otite_ds_64/USA_Turquie_Chili_GMFUNL/nsize224/fgsm1/ncal4/arcface/no/prototypes_class/npos1/nneg1/protoagg_mean_1/normyes/dist_none/knn3/test_encodings.npz,logs/otitis_four_class/8370e6fd-76c1-4fae-b96e-0e6c399f97b1,yes,,0.5004345937369794,0.5004345937369794,0.7689209453734154,0.4131510488465008,0.7657701697886686,0.7878787878787878,0.9703828774218771,0.8644628099173552,0.8434343434343435,0.9689965727061345,0.23821548821548819,0.4511784511784512,18,KNN (k=18),knn,2,18,KNN (k=18),knn,2,"Banque_Calaman_USA_2020_trie_CM,Banque_Comert_Turquie_2020_jpg,Banque_Viscaino_Chili_2020,GMFUNL_jan2023",inference,inference,"Banque_Calaman_USA_2020_trie_CM,Banque_Comert_Turquie_2020_jpg,Banque_Viscaino_Chili_2020,GMFUNL_jan2023|inference|inference"
a6e5dcc68a11,otitis_four_class,resnet18,otite_ds_64/USA_Turquie_Chili_GMFUNL,224,1,4,arcface,no,no,1,1,mean,1,yes,none,1,logs/best_models/otitis_four_class/resnet18/otite_ds_64/USA_Turquie_Chili_GMFUNL/nsize224/fgsm1/ncal4/arcface/no/prototypes_no/npos1/nneg1/protoagg_mean_1/normyes/dist_none/knn1,logs/best_models/otitis_four_class/resnet18/otite_ds_64/USA_Turquie_Chili_GMFUNL/nsize224/fgsm1/ncal4/arcface/no/prototypes_no/npos1/nneg1/protoagg_mean_1/normyes/dist_none/knn1/model.pth,logs/best_models/otitis_four_class/resnet18/otite_ds_64/USA_Turquie_Chili_GMFUNL/nsize224/fgsm1/ncal4/arcface/no/prototypes_no/npos1/nneg1/protoagg_mean_1/normyes/dist_none/knn1/prototypes.pkl,logs/best_models/otitis_four_class/resnet18/otite_ds_64/USA_Turquie_Chili_GMFUNL/nsize224/fgsm1/ncal4/arcface/no/prototypes_no/npos1/nneg1/protoagg_mean_1/normyes/dist_none/knn1/train_encodings.npz,logs/best_models/otitis_four_class/resnet18/otite_ds_64/USA_Turquie_Chili_GMFUNL/nsize224/fgsm1/ncal4/arcface/no/prototypes_no/npos1/nneg1/protoagg_mean_1/normyes/dist_none/knn1/valid_encodings.npz,logs/best_models/otitis_four_class/resnet18/otite_ds_64/USA_Turquie_Chili_GMFUNL/nsize224/fgsm1/ncal4/arcface/no/prototypes_no/npos1/nneg1/protoagg_mean_1/normyes/dist_none/knn1/test_encodings.npz,,yes,,0.6897979292329923,0.6897979292329923,0.8911933769783165,0.06262242910851495,0.8875518425628173,0.9180327868852459,0.9898004168148279,0.8049019607843136,0.801,0.9884444094608158,0.17110655737704916,0.21657274590163936,16,KNN (k=16),knn,2,16,KNN (k=16),knn,2,"Banque_Calaman_USA_2020_trie_CM,Banque_Comert_Turquie_2020_jpg,Banque_Viscaino_Chili_2020,GMFUNL_jan2023,inference",inference,inference,"Banque_Calaman_USA_2020_trie_CM,Banque_Comert_Turquie_2020_jpg,Banque_Viscaino_Chili_2020,GMFUNL_jan2023,inference|inference|inference"
c5cde49de092,otitis_four_class,resnet18,otite_ds_64/USA_Turquie_Chili_GMFUNL,224,1,4,ce,no,no,1,1,mean,1,yes,none,0,logs/best_models/otitis_four_class/resnet18/otite_ds_64/USA_Turquie_Chili_GMFUNL/nsize224/fgsm1/ncal4/ce/no/prototypes_no/npos1/nneg1/protoagg_mean_1/normyes/dist_none/knn0,logs/best_models/otitis_four_class/resnet18/otite_ds_64/USA_Turquie_Chili_GMFUNL/nsize224/fgsm1/ncal4/ce/no/prototypes_no/npos1/nneg1/protoagg_mean_1/normyes/dist_none/knn0/model.pth,logs/best_models/otitis_four_class/resnet18/otite_ds_64/USA_Turquie_Chili_GMFUNL/nsize224/fgsm1/ncal4/ce/no/prototypes_no/npos1/nneg1/protoagg_mean_1/normyes/dist_none/knn0/prototypes.pkl,logs/best_models/otitis_four_class/resnet18/otite_ds_64/USA_Turquie_Chili_GMFUNL/nsize224/fgsm1/ncal4/ce/no/prototypes_no/npos1/nneg1/protoagg_mean_1/normyes/dist_none/knn0/train_encodings.npz,logs/best_models/otitis_four_class/resnet18/otite_ds_64/USA_Turquie_Chili_GMFUNL/nsize224/fgsm1/ncal4/ce/no/prototypes_no/npos1/nneg1/protoagg_mean_1/normyes/dist_none/knn0/valid_encodings.npz,logs/best_models/otitis_four_class/resnet18/otite_ds_64/USA_Turquie_Chili_GMFUNL/nsize224/fgsm1/ncal4/ce/no/prototypes_no/npos1/nneg1/protoagg_mean_1/normyes/dist_none/knn0/test_encodings.npz,logs/otitis_four_class/5b88b8aa-360a-4868-8d66-5b9c1938254f,yes,,0.6411764705882353,0.6411764705882353,0.8004249040921414,0.4815713303308872,0.7999025178570875,0.9016393442622951,0.9045694379907955,0.8235294117647058,0.8,0.9039541702426845,0.02084226628441288,0.17824047440884797,protot_kmeans_4,Prototype: KMEANS (n_comp=4),kmeans,2,protot_kmeans_4,Prototype: KMEANS (n_comp=4),kmeans,2,"Banque_Calaman_USA_2020_trie_CM,Banque_Comert_Turquie_2020_jpg,Banque_Viscaino_Chili_2020,GMFUNL_jan2023,inference",inference,inference,"Banque_Calaman_USA_2020_trie_CM,Banque_Comert_Turquie_2020_jpg,Banque_Viscaino_Chili_2020,GMFUNL_jan2023,inference|inference|inference"
5e306359e72c,otitis_four_class,resnet18,otite_ds_64/USA_Turquie_Chili_GMFUNL,224,1,4,hinge,no,no,1,1,mean,1,yes,none,0,logs/best_models/otitis_four_class/resnet18/otite_ds_64/USA_Turquie_Chili_GMFUNL/nsize224/fgsm1/ncal4/hinge/no/prototypes_no/npos1/nneg1/protoagg_mean_1/normyes/dist_none/knn0,logs/best_models/otitis_four_class/resnet18/otite_ds_64/USA_Turquie_Chili_GMFUNL/nsize224/fgsm1/ncal4/hinge/no/prototypes_no/npos1/nneg1/protoagg_mean_1/normyes/dist_none/knn0/model.pth,logs/best_models/otitis_four_class/resnet18/otite_ds_64/USA_Turquie_Chili_GMFUNL/nsize224/fgsm1/ncal4/hinge/no/prototypes_no/npos1/nneg1/protoagg_mean_1/normyes/dist_none/knn0/prototypes.pkl,logs/best_models/otitis_four_class/resnet18/otite_ds_64/USA_Turquie_Chili_GMFUNL/nsize224/fgsm1/ncal4/hinge/no/prototypes_no/npos1/nneg1/protoagg_mean_1/normyes/dist_none/knn0/train_encodings.npz,logs/best_models/otitis_four_class/resnet18/otite_ds_64/USA_Turquie_Chili_GMFUNL/nsize224/fgsm1/ncal4/hinge/no/prototypes_no/npos1/nneg1/protoagg_mean_1/normyes/dist_none/knn0/valid_encodings.npz,logs/best_models/otitis_four_class/resnet18/otite_ds_64/USA_Turquie_Chili_GMFUNL/nsize224/fgsm1/ncal4/hinge/no/prototypes_no/npos1/nneg1/protoagg_mean_1/normyes/dist_none/knn0/test_encodings.npz,,yes,,0.6411764705882353,0.6411764705882353,0.8004249040921414,0.4815713303308872,0.7999025178570875,0.9016393442622951,0.9045694379907955,0.8235294117647058,0.8,0.9039541702426845,0.02084226628441288,0.17824047440884797,protot_kmeans_4,Prototype: KMEANS (n_comp=4),kmeans,2,protot_kmeans_4,Prototype: KMEANS (n_comp=4),kmeans,2,"Banque_Calaman_USA_2020_trie_CM,Banque_Comert_Turquie_2020_jpg,Banque_Viscaino_Chili_2020,GMFUNL_jan2023,inference",inference,inference,"Banque_Calaman_USA_2020_trie_CM,Banque_Comert_Turquie_2020_jpg,Banque_Viscaino_Chili_2020,GMFUNL_jan2023,inference|inference|inference"
1ea6eea7a6a3,otitis_four_class,resnet18,otite_ds_64/USA_Turquie_Chili_GMFUNL,224,1,4,softmax_contrastive,no,no,1,1,mean,1,yes,cosine,3,logs/best_models/otitis_four_class/resnet18/otite_ds_64/USA_Turquie_Chili_GMFUNL/nsize224/fgsm1/ncal4/softmax_contrastive/no/prototypes_no/npos1/nneg1/protoagg_mean_1/normyes/dist_cosine/knn3,logs/best_models/otitis_four_class/resnet18/otite_ds_64/USA_Turquie_Chili_GMFUNL/nsize224/fgsm1/ncal4/softmax_contrastive/no/prototypes_no/npos1/nneg1/protoagg_mean_1/normyes/dist_cosine/knn3/model.pth,logs/best_models/otitis_four_class/resnet18/otite_ds_64/USA_Turquie_Chili_GMFUNL/nsize224/fgsm1/ncal4/softmax_contrastive/no/prototypes_no/npos1/nneg1/protoagg_mean_1/normyes/dist_cosine/knn3/prototypes.pkl,logs/best_models/otitis_four_class/resnet18/otite_ds_64/USA_Turquie_Chili_GMFUNL/nsize224/fgsm1/ncal4/softmax_contrastive/no/prototypes_no/npos1/nneg1/protoagg_mean_1/normyes/dist_cosine/knn3/train_encodings.npz,logs/best_models/otitis_four_class/resnet18/otite_ds_64/USA_Turquie_Chili_GMFUNL/nsize224/fgsm1/ncal4/softmax_contrastive/no/prototypes_no/npos1/nneg1/protoagg_mean_1/normyes/dist_cosine/knn3/valid_encodings.npz,logs/best_models/otitis_four_class/resnet18/otite_ds_64/USA_Turquie_Chili_GMFUNL/nsize224/fgsm1/ncal4/softmax_contrastive/no/prototypes_no/npos1/nneg1/protoagg_mean_1/normyes/dist_cosine/knn3/test_encodings.npz,,yes,,0.5004345937369794,0.5004345937369794,0.7689209453734154,0.4131510488465008,0.7657701697886686,0.7878787878787878,0.9703828774218771,0.8644628099173552,0.8434343434343435,0.9689965727061345,0.23821548821548819,0.4511784511784512,18,KNN (k=18),knn,2,18,KNN (k=18),knn,2,"Banque_Calaman_USA_2020_trie_CM,Banque_Comert_Turquie_2020_jpg,Banque_Viscaino_Chili_2020,GMFUNL_jan2023",inference,inference,"Banque_Calaman_USA_2020_trie_CM,Banque_Comert_Turquie_2020_jpg,Banque_Viscaino_Chili_2020,GMFUNL_jan2023|inference|inference"
4744eb6b1adb,otitis_four_class,resnet18,otite_ds_64/USA_Turquie_Chili_GMFUNL,224,1,4,triplet,inverseTriplet,batch,1,1,mean,1,yes,cosine,1,logs/best_models/otitis_four_class/resnet18/otite_ds_64/USA_Turquie_Chili_GMFUNL/nsize224/fgsm1/ncal4/triplet/inverseTriplet/prototypes_batch/npos1/nneg1/protoagg_mean_1/normyes/dist_cosine/knn1,logs/best_models/otitis_four_class/resnet18/otite_ds_64/USA_Turquie_Chili_GMFUNL/nsize224/fgsm1/ncal4/triplet/inverseTriplet/prototypes_batch/npos1/nneg1/protoagg_mean_1/normyes/dist_cosine/knn1/model.pth,logs/best_models/otitis_four_class/resnet18/otite_ds_64/USA_Turquie_Chili_GMFUNL/nsize224/fgsm1/ncal4/triplet/inverseTriplet/prototypes_batch/npos1/nneg1/protoagg_mean_1/normyes/dist_cosine/knn1/prototypes.pkl,logs/best_models/otitis_four_class/resnet18/otite_ds_64/USA_Turquie_Chili_GMFUNL/nsize224/fgsm1/ncal4/triplet/inverseTriplet/prototypes_batch/npos1/nneg1/protoagg_mean_1/normyes/dist_cosine/knn1/train_encodings.npz,logs/best_models/otitis_four_class/resnet18/otite_ds_64/USA_Turquie_Chili_GMFUNL/nsize224/fgsm1/ncal4/triplet/inverseTriplet/prototypes_batch/npos1/nneg1/protoagg_mean_1/normyes/dist_cosine/knn1/valid_encodings.npz,logs/best_models/otitis_four_class/resnet18/otite_ds_64/USA_Turquie_Chili_GMFUNL/nsize224/fgsm1/ncal4/triplet/inverseTriplet/prototypes_batch/npos1/nneg1/protoagg_mean_1/normyes/dist_cosine/knn1/test_encodings.npz,logs/otitis_four_class/688be4c8-e2ba-40ea-a51c-fe96a64a565b,yes,,0.6897979292329923,0.6897979292329923,0.8911933769783165,0.06262242910851495,0.8875518425628173,0.9180327868852459,0.9898004168148279,0.8049019607843136,0.801,0.9884444094608158,0.17110655737704916,0.21657274590163936,16,KNN (k=16),knn,2,16,KNN (k=16),knn,2,"Banque_Calaman_USA_2020_trie_CM,Banque_Comert_Turquie_2020_jpg,Banque_Viscaino_Chili_2020,GMFUNL_jan2023,inference",inference,inference,"Banque_Calaman_USA_2020_trie_CM,Banque_Comert_Turquie_2020_jpg,Banque_Viscaino_Chili_2020,GMFUNL_jan2023,inference|inference|inference"
1573a0949667,otitis_four_class,resnet18,otite_ds_64/USA_Turquie_Chili_GMFUNL,224,1,4,triplet,inverseTriplet,class,1,1,mean,1,yes,cosine,1,logs/best_models/otitis_four_class/resnet18/otite_ds_64/USA_Turquie_Chili_GMFUNL/nsize224/fgsm1/ncal4/triplet/inverseTriplet/prototypes_class/npos1/nneg1/protoagg_mean_1/normyes/dist_cosine/knn1,logs/best_models/otitis_four_class/resnet18/otite_ds_64/USA_Turquie_Chili_GMFUNL/nsize224/fgsm1/ncal4/triplet/inverseTriplet/prototypes_class/npos1/nneg1/protoagg_mean_1/normyes/dist_cosine/knn1/model.pth,logs/best_models/otitis_four_class/resnet18/otite_ds_64/USA_Turquie_Chili_GMFUNL/nsize224/fgsm1/ncal4/triplet/inverseTriplet/prototypes_class/npos1/nneg1/protoagg_mean_1/normyes/dist_cosine/knn1/prototypes.pkl,logs/best_models/otitis_four_class/resnet18/otite_ds_64/USA_Turquie_Chili_GMFUNL/nsize224/fgsm1/ncal4/triplet/inverseTriplet/prototypes_class/npos1/nneg1/protoagg_mean_1/normyes/dist_cosine/knn1/train_encodings.npz,logs/best_models/otitis_four_class/resnet18/otite_ds_64/USA_Turquie_Chili_GMFUNL/nsize224/fgsm1/ncal4/triplet/inverseTriplet/prototypes_class/npos1/nneg1/protoagg_mean_1/normyes/dist_cosine/knn1/valid_encodings.npz,logs/best_models/otitis_four_class/resnet18/otite_ds_64/USA_Turquie_Chili_GMFUNL/nsize224/fgsm1/ncal4/triplet/inverseTriplet/prototypes_class/npos1/nneg1/protoagg_mean_1/normyes/dist_cosine/knn1/test_encodings.npz,,yes,,0.6897979292329923,0.6897979292329923,0.8911933769783165,0.06262242910851495,0.8875518425628173,0.9180327868852459,0.9898004168148279,0.8049019607843136,0.801,0.9884444094608158,0.17110655737704916,0.21657274590163936,16,KNN (k=16),knn,2,16,KNN (k=16),knn,2,"Banque_Calaman_USA_2020_trie_CM,Banque_Comert_Turquie_2020_jpg,Banque_Viscaino_Chili_2020,GMFUNL_jan2023,inference",inference,inference,"Banque_Calaman_USA_2020_trie_CM,Banque_Comert_Turquie_2020_jpg,Banque_Viscaino_Chili_2020,GMFUNL_jan2023,inference|inference|inference"
7ba2046d29dd,otitis_four_class,resnet18,otite_ds_64/USA_Turquie_Chili_GMFUNL,224,1,4,triplet,inverseTriplet,no,1,1,mean,1,yes,cosine,4,logs/best_models/otitis_four_class/resnet18/otite_ds_64/USA_Turquie_Chili_GMFUNL/nsize224/fgsm1/ncal4/triplet/inverseTriplet/prototypes_no/npos1/nneg1/protoagg_mean_1/normyes/dist_cosine/knn4,logs/best_models/otitis_four_class/resnet18/otite_ds_64/USA_Turquie_Chili_GMFUNL/nsize224/fgsm1/ncal4/triplet/inverseTriplet/prototypes_no/npos1/nneg1/protoagg_mean_1/normyes/dist_cosine/knn4/model.pth,logs/best_models/otitis_four_class/resnet18/otite_ds_64/USA_Turquie_Chili_GMFUNL/nsize224/fgsm1/ncal4/triplet/inverseTriplet/prototypes_no/npos1/nneg1/protoagg_mean_1/normyes/dist_cosine/knn4/prototypes.pkl,logs/best_models/otitis_four_class/resnet18/otite_ds_64/USA_Turquie_Chili_GMFUNL/nsize224/fgsm1/ncal4/triplet/inverseTriplet/prototypes_no/npos1/nneg1/protoagg_mean_1/normyes/dist_cosine/knn4/train_encodings.npz,logs/best_models/otitis_four_class/resnet18/otite_ds_64/USA_Turquie_Chili_GMFUNL/nsize224/fgsm1/ncal4/triplet/inverseTriplet/prototypes_no/npos1/nneg1/protoagg_mean_1/normyes/dist_cosine/knn4/valid_encodings.npz,logs/best_models/otitis_four_class/resnet18/otite_ds_64/USA_Turquie_Chili_GMFUNL/nsize224/fgsm1/ncal4/triplet/inverseTriplet/prototypes_no/npos1/nneg1/protoagg_mean_1/normyes/dist_cosine/knn4/test_encodings.npz,logs/otitis_four_class/24078c14-61d8-4429-a187-0dcab08f14fc,yes,,0.4516599046208679,0.4516599046208679,0.6640147519836538,0.3024184476928859,0.6620021147003533,0.7272727272727273,0.9103254055122572,0.834710743801653,0.5101010101010102,0.9089654966095253,0.05866119780770686,0.42591809103426337,protot_gmm_4,Prototype: GMM (n_comp=4),gmm,2,protot_gmm_4,Prototype: GMM (n_comp=4),gmm,2,"Banque_Calaman_USA_2020_trie_CM,Banque_Comert_Turquie_2020_jpg,Banque_Viscaino_Chili_2020,GMFUNL_jan2023",inference,inference,"Banque_Calaman_USA_2020_trie_CM,Banque_Comert_Turquie_2020_jpg,Banque_Viscaino_Chili_2020,GMFUNL_jan2023|inference|inference"
d6839ce7954d,otitis_four_class,resnet18,otite_ds_64/USA_Turquie_Chili_GMFUNL,224,1,4,triplet,no,class,1,1,mean,1,yes,cosine,2,logs/best_models/otitis_four_class/resnet18/otite_ds_64/USA_Turquie_Chili_GMFUNL/nsize224/fgsm1/ncal4/triplet/no/prototypes_class/npos1/nneg1/protoagg_mean_1/normyes/dist_cosine/knn2,logs/best_models/otitis_four_class/resnet18/otite_ds_64/USA_Turquie_Chili_GMFUNL/nsize224/fgsm1/ncal4/triplet/no/prototypes_class/npos1/nneg1/protoagg_mean_1/normyes/dist_cosine/knn2/model.pth,logs/best_models/otitis_four_class/resnet18/otite_ds_64/USA_Turquie_Chili_GMFUNL/nsize224/fgsm1/ncal4/triplet/no/prototypes_class/npos1/nneg1/protoagg_mean_1/normyes/dist_cosine/knn2/prototypes.pkl,logs/best_models/otitis_four_class/resnet18/otite_ds_64/USA_Turquie_Chili_GMFUNL/nsize224/fgsm1/ncal4/triplet/no/prototypes_class/npos1/nneg1/protoagg_mean_1/normyes/dist_cosine/knn2/train_encodings.npz,logs/best_models/otitis_four_class/resnet18/otite_ds_64/USA_Turquie_Chili_GMFUNL/nsize224/fgsm1/ncal4/triplet/no/prototypes_class/npos1/nneg1/protoagg_mean_1/normyes/dist_cosine/knn2/valid_encodings.npz,logs/best_models/otitis_four_class/resnet18/otite_ds_64/USA_Turquie_Chili_GMFUNL/nsize224/fgsm1/ncal4/triplet/no/prototypes_class/npos1/nneg1/protoagg_mean_1/normyes/dist_cosine/knn2/test_encodings.npz,logs/otitis_four_class/5606f56e-f340-4f96-917e-beb3eaf8ec5a,yes,,0.4640954808922571,0.4640954808922571,0.6790196085734902,0.262431940540739,0.6743044296736455,0.8333333333333334,0.7119788599626571,0.7404958677685951,0.7474747474747474,0.7096815243359629,0.16666666666666663,0.3333333333333329,baseline_qda,Quadratic Discriminant,qda,0,baseline_qda,Quadratic Discriminant,qda,0,"Banque_Calaman_USA_2020_trie_CM,Banque_Comert_Turquie_2020_jpg,Banque_Viscaino_Chili_2020,GMFUNL_jan2023,inference",inference,inference,"Banque_Calaman_USA_2020_trie_CM,Banque_Comert_Turquie_2020_jpg,Banque_Viscaino_Chili_2020,GMFUNL_jan2023,inference|inference|inference"
2922de53df83,otitis_four_class,resnet18,otite_ds_64/USA_Turquie_Chili_GMFUNL,224,1,4,triplet,no,class,1,1,mean,1,yes,euclidean,4,logs/best_models/otitis_four_class/resnet18/otite_ds_64/USA_Turquie_Chili_GMFUNL/nsize224/fgsm1/ncal4/triplet/no/prototypes_class/npos1/nneg1/protoagg_mean_1/normyes/dist_euclidean/knn4,logs/best_models/otitis_four_class/resnet18/otite_ds_64/USA_Turquie_Chili_GMFUNL/nsize224/fgsm1/ncal4/triplet/no/prototypes_class/npos1/nneg1/protoagg_mean_1/normyes/dist_euclidean/knn4/model.pth,logs/best_models/otitis_four_class/resnet18/otite_ds_64/USA_Turquie_Chili_GMFUNL/nsize224/fgsm1/ncal4/triplet/no/prototypes_class/npos1/nneg1/protoagg_mean_1/normyes/dist_euclidean/knn4/prototypes.pkl,logs/best_models/otitis_four_class/resnet18/otite_ds_64/USA_Turquie_Chili_GMFUNL/nsize224/fgsm1/ncal4/triplet/no/prototypes_class/npos1/nneg1/protoagg_mean_1/normyes/dist_euclidean/knn4/train_encodings.npz,logs/best_models/otitis_four_class/resnet18/otite_ds_64/USA_Turquie_Chili_GMFUNL/nsize224/fgsm1/ncal4/triplet/no/prototypes_class/npos1/nneg1/protoagg_mean_1/normyes/dist_euclidean/knn4/valid_encodings.npz,logs/best_models/otitis_four_class/resnet18/otite_ds_64/USA_Turquie_Chili_GMFUNL/nsize224/fgsm1/ncal4/triplet/no/prototypes_class/npos1/nneg1/protoagg_mean_1/normyes/dist_euclidean/knn4/test_encodings.npz,logs/otitis_four_class/0c80d7c6-3f9d-45ca-9111-ac8252cf9936,yes,,0.4516599046208679,0.4516599046208679,0.6640147519836538,0.3024184476928859,0.6620021147003533,0.7272727272727273,0.9103254055122572,0.834710743801653,0.5101010101010102,0.9089654966095253,0.05866119780770686,0.42591809103426337,protot_gmm_4,Prototype: GMM (n_comp=4),gmm,2,protot_gmm_4,Prototype: GMM (n_comp=4),gmm,2,"Banque_Calaman_USA_2020_trie_CM,Banque_Comert_Turquie_2020_jpg,Banque_Viscaino_Chili_2020,GMFUNL_jan2023",inference,inference,"Banque_Calaman_USA_2020_trie_CM,Banque_Comert_Turquie_2020_jpg,Banque_Viscaino_Chili_2020,GMFUNL_jan2023|inference|inference"
cdb3bf72c122,otitis_four_class,resnet18,otite_ds_64/USA_Turquie_Chili_GMFUNL,224,1,4,triplet,no,no,1,1,mean,1,yes,cosine,3,logs/best_models/otitis_four_class/resnet18/otite_ds_64/USA_Turquie_Chili_GMFUNL/nsize224/fgsm1/ncal4/triplet/no/prototypes_no/npos1/nneg1/protoagg_mean_1/normyes/dist_cosine/knn3,logs/best_models/otitis_four_class/resnet18/otite_ds_64/USA_Turquie_Chili_GMFUNL/nsize224/fgsm1/ncal4/triplet/no/prototypes_no/npos1/nneg1/protoagg_mean_1/normyes/dist_cosine/knn3/model.pth,logs/best_models/otitis_four_class/resnet18/otite_ds_64/USA_Turquie_Chili_GMFUNL/nsize224/fgsm1/ncal4/triplet/no/prototypes_no/npos1/nneg1/protoagg_mean_1/normyes/dist_cosine/knn3/prototypes.pkl,logs/best_models/otitis_four_class/resnet18/otite_ds_64/USA_Turquie_Chili_GMFUNL/nsize224/fgsm1/ncal4/triplet/no/prototypes_no/npos1/nneg1/protoagg_mean_1/normyes/dist_cosine/knn3/train_encodings.npz,logs/best_models/otitis_four_class/resnet18/otite_ds_64/USA_Turquie_Chili_GMFUNL/nsize224/fgsm1/ncal4/triplet/no/prototypes_no/npos1/nneg1/protoagg_mean_1/normyes/dist_cosine/knn3/valid_encodings.npz,logs/best_models/otitis_four_class/resnet18/otite_ds_64/USA_Turquie_Chili_GMFUNL/nsize224/fgsm1/ncal4/triplet/no/prototypes_no/npos1/nneg1/protoagg_mean_1/normyes/dist_cosine/knn3/test_encodings.npz,logs/otitis_four_class/3c278cc2-5d53-4fd8-a8fa-378e188b8b25,yes,,0.5004345937369794,0.5004345937369794,0.7689209453734154,0.4131510488465008,0.7657701697886686,0.7878787878787878,0.9703828774218771,0.8644628099173552,0.8434343434343435,0.9689965727061345,0.23821548821548819,0.4511784511784512,18,KNN (k=18),knn,2,18,KNN (k=18),knn,2,"Banque_Calaman_USA_2020_trie_CM,Banque_Comert_Turquie_2020_jpg,Banque_Viscaino_Chili_2020,GMFUNL_jan2023",inference,inference,"Banque_Calaman_USA_2020_trie_CM,Banque_Comert_Turquie_2020_jpg,Banque_Viscaino_Chili_2020,GMFUNL_jan2023|inference|inference"
34c48e86fd03,otitis_four_class,resnet18,otite_ds_64/USA_Turquie_Chili_GMFUNL,224,1,4,triplet,no,no,1,5,mean,1,yes,cosine,2,logs/best_models/otitis_four_class/resnet18/otite_ds_64/USA_Turquie_Chili_GMFUNL/nsize224/fgsm1/ncal4/triplet/no/prototypes_no/npos1/nneg5/protoagg_mean_1/normyes/dist_cosine/knn2,logs/best_models/otitis_four_class/resnet18/otite_ds_64/USA_Turquie_Chili_GMFUNL/nsize224/fgsm1/ncal4/triplet/no/prototypes_no/npos1/nneg5/protoagg_mean_1/normyes/dist_cosine/knn2/model.pth,logs/best_models/otitis_four_class/resnet18/otite_ds_64/USA_Turquie_Chili_GMFUNL/nsize224/fgsm1/ncal4/triplet/no/prototypes_no/npos1/nneg5/protoagg_mean_1/normyes/dist_cosine/knn2/prototypes.pkl,logs/best_models/otitis_four_class/resnet18/otite_ds_64/USA_Turquie_Chili_GMFUNL/nsize224/fgsm1/ncal4/triplet/no/prototypes_no/npos1/nneg5/protoagg_mean_1/normyes/dist_cosine/knn2/train_encodings.npz,logs/best_models/otitis_four_class/resnet18/otite_ds_64/USA_Turquie_Chili_GMFUNL/nsize224/fgsm1/ncal4/triplet/no/prototypes_no/npos1/nneg5/protoagg_mean_1/normyes/dist_cosine/knn2/valid_encodings.npz,logs/best_models/otitis_four_class/resnet18/otite_ds_64/USA_Turquie_Chili_GMFUNL/nsize224/fgsm1/ncal4/triplet/no/prototypes_no/npos1/nneg5/protoagg_mean_1/normyes/dist_cosine/knn2/test_encodings.npz,,yes,,0.4640954808922571,0.4640954808922571,0.6790196085734902,0.262431940540739,0.6743044296736455,0.8333333333333334,0.7119788599626571,0.7404958677685951,0.7474747474747474,0.7096815243359629,0.16666666666666663,0.3333333333333329,baseline_qda,Quadratic Discriminant,qda,0,baseline_qda,Quadratic Discriminant,qda,0,"Banque_Calaman_USA_2020_trie_CM,Banque_Comert_Turquie_2020_jpg,Banque_Viscaino_Chili_2020,GMFUNL_jan2023,inference",inference,inference,"Banque_Calaman_USA_2020_trie_CM,Banque_Comert_Turquie_2020_jpg,Banque_Viscaino_Chili_2020,GMFUNL_jan2023,inference|inference|inference"
f736a95cc95c,otitis_four_class,resnet18,otite_ds_64/USA_Turquie_Chili_GMFUNL,224,1,4,triplet,no,no,1,5,mean,1,yes,cosine,3,logs/best_models/otitis_four_class/resnet18/otite_ds_64/USA_Turquie_Chili_GMFUNL/nsize224/fgsm1/ncal4/triplet/no/prototypes_no/npos1/nneg5/protoagg_mean_1/normyes/dist_cosine/knn3,logs/best_models/otitis_four_class/resnet18/otite_ds_64/USA_Turquie_Chili_GMFUNL/nsize224/fgsm1/ncal4/triplet/no/prototypes_no/npos1/nneg5/protoagg_mean_1/normyes/dist_cosine/knn3/model.pth,logs/best_models/otitis_four_class/resnet18/otite_ds_64/USA_Turquie_Chili_GMFUNL/nsize224/fgsm1/ncal4/triplet/no/prototypes_no/npos1/nneg5/protoagg_mean_1/normyes/dist_cosine/knn3/prototypes.pkl,logs/best_models/otitis_four_class/resnet18/otite_ds_64/USA_Turquie_Chili_GMFUNL/nsize224/fgsm1/ncal4/triplet/no/prototypes_no/npos1/nneg5/protoagg_mean_1/normyes/dist_cosine/knn3/train_encodings.npz,logs/best_models/otitis_four_class/resnet18/otite_ds_64/USA_Turquie_Chili_GMFUNL/nsize224/fgsm1/ncal4/triplet/no/prototypes_no/npos1/nneg5/protoagg_mean_1/normyes/dist_cosine/knn3/valid_encodings.npz,logs/best_models/otitis_four_class/resnet18/otite_ds_64/USA_Turquie_Chili_GMFUNL/nsize224/fgsm1/ncal4/triplet/no/prototypes_no/npos1/nneg5/protoagg_mean_1/normyes/dist_cosine/knn3/test_encodings.npz,,yes,,0.5004345937369794,0.5004345937369794,0.7689209453734154,0.4131510488465008,0.7657701697886686,0.7878787878787878,0.9703828774218771,0.8644628099173552,0.8434343434343435,0.9689965727061345,0.23821548821548819,0.4511784511784512,18,KNN (k=18),knn,2,18,KNN (k=18),knn,2,"Banque_Calaman_USA_2020_trie_CM,Banque_Comert_Turquie_2020_jpg,Banque_Viscaino_Chili_2020,GMFUNL_jan2023",inference,inference,"Banque_Calaman_USA_2020_trie_CM,Banque_Comert_Turquie_2020_jpg,Banque_Viscaino_Chili_2020,GMFUNL_jan2023|inference|inference"
9b5c0f019c1a,otitis_four_class,resnet18,otite_ds_64/USA_Turquie_Chili_GMFUNL_inference,224,0,4,ce,inverseTriplet,no,1,1,mean,1,yes,cosine,7,logs/best_models/otitis_four_class/resnet18/otite_ds_64/USA_Turquie_Chili_GMFUNL_inference/nsize224/fgsm0/ncal4/ce/inverseTriplet/prototypes_no/npos1/nneg1/protoagg_mean_1/normyes/dist_cosine/knn7,logs/best_models/otitis_four_class/resnet18/otite_ds_64/USA_Turquie_Chili_GMFUNL_inference/nsize224/fgsm0/ncal4/ce/inverseTriplet/prototypes_no/npos1/nneg1/protoagg_mean_1/normyes/dist_cosine/knn7/model.pth,logs/best_models/otitis_four_class/resnet18/otite_ds_64/USA_Turquie_Chili_GMFUNL_inference/nsize224/fgsm0/ncal4/ce/inverseTriplet/prototypes_no/npos1/nneg1/protoagg_mean_1/normyes/dist_cosine/knn7/prototypes.pkl,logs/best_models/otitis_four_class/resnet18/otite_ds_64/USA_Turquie_Chili_GMFUNL_inference/nsize224/fgsm0/ncal4/ce/inverseTriplet/prototypes_no/npos1/nneg1/protoagg_mean_1/normyes/dist_cosine/knn7/train_encodings.npz,logs/best_models/otitis_four_class/resnet18/otite_ds_64/USA_Turquie_Chili_GMFUNL_inference/nsize224/fgsm0/ncal4/ce/inverseTriplet/prototypes_no/npos1/nneg1/protoagg_mean_1/normyes/dist_cosine/knn7/valid_encodings.npz,logs/best_models/otitis_four_class/resnet18/otite_ds_64/USA_Turquie_Chili_GMFUNL_inference/nsize224/fgsm0/ncal4/ce/inverseTriplet/prototypes_no/npos1/nneg1/protoagg_mean_1/normyes/dist_cosine/knn7/test_encodings.npz,logs/otitis_four_class/13f53416-8c63-4564-a217-2811ba18136d,yes,,0.5134236249100267,0.5134236249100267,0.9858599067410467,0.17766726362967536,0.9837228253380726,0.8787878787878788,0.99980573070613,0.737190082644628,0.6860269360269361,0.9991701510200958,0.12626262626262627,0.24579124579124578,3,KNN (k=3),knn,5,3,KNN (k=3),knn,5,"Banque_Calaman_USA_2020_trie_CM,Banque_Comert_Turquie_2020_jpg,Banque_Viscaino_Chili_2020,GMFUNL_jan2023,inference",inference,inference,"Banque_Calaman_USA_2020_trie_CM,Banque_Comert_Turquie_2020_jpg,Banque_Viscaino_Chili_2020,GMFUNL_jan2023,inference|inference|inference"
aafa014ec703,otitis_four_class,resnet18,otite_ds_64/USA_Turquie_Chili_GMFUNL_inference,224,0,4,ce,no,no,1,1,mean,1,yes,none,0,logs/best_models/otitis_four_class/resnet18/otite_ds_64/USA_Turquie_Chili_GMFUNL_inference/nsize224/fgsm0/ncal4/ce/no/prototypes_no/npos1/nneg1/protoagg_mean_1/normyes/dist_none/knn0,logs/best_models/otitis_four_class/resnet18/otite_ds_64/USA_Turquie_Chili_GMFUNL_inference/nsize224/fgsm0/ncal4/ce/no/prototypes_no/npos1/nneg1/protoagg_mean_1/normyes/dist_none/knn0/model.pth,logs/best_models/otitis_four_class/resnet18/otite_ds_64/USA_Turquie_Chili_GMFUNL_inference/nsize224/fgsm0/ncal4/ce/no/prototypes_no/npos1/nneg1/protoagg_mean_1/normyes/dist_none/knn0/prototypes.pkl,logs/best_models/otitis_four_class/resnet18/otite_ds_64/USA_Turquie_Chili_GMFUNL_inference/nsize224/fgsm0/ncal4/ce/no/prototypes_no/npos1/nneg1/protoagg_mean_1/normyes/dist_none/knn0/train_encodings.npz,logs/best_models/otitis_four_class/resnet18/otite_ds_64/USA_Turquie_Chili_GMFUNL_inference/nsize224/fgsm0/ncal4/ce/no/prototypes_no/npos1/nneg1/protoagg_mean_1/normyes/dist_none/knn0/valid_encodings.npz,logs/best_models/otitis_four_class/resnet18/otite_ds_64/USA_Turquie_Chili_GMFUNL_inference/nsize224/fgsm0/ncal4/ce/no/prototypes_no/npos1/nneg1/protoagg_mean_1/normyes/dist_none/knn0/test_encodings.npz,logs/otitis_four_class/08caff2d-6545-4360-83df-96781b942faf,yes,,0.6411764705882353,0.6411764705882353,0.8004249040921414,0.4815713303308872,0.7999025178570875,0.9016393442622951,0.9045694379907955,0.8235294117647058,0.8,0.9039541702426845,0.02084226628441288,0.17824047440884797,protot_kmeans_4,Prototype: KMEANS (n_comp=4),kmeans,2,protot_kmeans_4,Prototype: KMEANS (n_comp=4),kmeans,2,"Banque_Calaman_USA_2020_trie_CM,Banque_Comert_Turquie_2020_jpg,Banque_Viscaino_Chili_2020,GMFUNL_jan2023,inference",inference,inference,"Banque_Calaman_USA_2020_trie_CM,Banque_Comert_Turquie_2020_jpg,Banque_Viscaino_Chili_2020,GMFUNL_jan2023,inference|inference|inference"
76415471bb86,otitis_four_class,resnet18,otite_ds_64/USA_Turquie_Chili_GMFUNL_inference,224,0,4,hinge,inverseTriplet,no,1,1,mean,1,yes,cosine,7,logs/best_models/otitis_four_class/resnet18/otite_ds_64/USA_Turquie_Chili_GMFUNL_inference/nsize224/fgsm0/ncal4/hinge/inverseTriplet/prototypes_no/npos1/nneg1/protoagg_mean_1/normyes/dist_cosine/knn7,logs/best_models/otitis_four_class/resnet18/otite_ds_64/USA_Turquie_Chili_GMFUNL_inference/nsize224/fgsm0/ncal4/hinge/inverseTriplet/prototypes_no/npos1/nneg1/protoagg_mean_1/normyes/dist_cosine/knn7/model.pth,logs/best_models/otitis_four_class/resnet18/otite_ds_64/USA_Turquie_Chili_GMFUNL_inference/nsize224/fgsm0/ncal4/hinge/inverseTriplet/prototypes_no/npos1/nneg1/protoagg_mean_1/normyes/dist_cosine/knn7/prototypes.pkl,logs/best_models/otitis_four_class/resnet18/otite_ds_64/USA_Turquie_Chili_GMFUNL_inference/nsize224/fgsm0/ncal4/hinge/inverseTriplet/prototypes_no/npos1/nneg1/protoagg_mean_1/normyes/dist_cosine/knn7/train_encodings.npz,logs/best_models/otitis_four_class/resnet18/otite_ds_64/USA_Turquie_Chili_GMFUNL_inference/nsize224/fgsm0/ncal4/hinge/inverseTriplet/prototypes_no/npos1/nneg1/protoagg_mean_1/normyes/dist_cosine/knn7/valid_encodings.npz,logs/best_models/otitis_four_class/resnet18/otite_ds_64/USA_Turquie_Chili_GMFUNL_inference/nsize224/fgsm0/ncal4/hinge/inverseTriplet/prototypes_no/npos1/nneg1/protoagg_mean_1/normyes/dist_cosine/knn7/test_encodings.npz,,yes,,0.5134236249100267,0.5134236249100267,0.9858599067410467,0.17766726362967536,0.9837228253380726,0.8787878787878788,0.99980573070613,0.737190082644628,0.6860269360269361,0.9991701510200958,0.12626262626262627,0.24579124579124578,3,KNN (k=3),knn,5,3,KNN (k=3),knn,5,"Banque_Calaman_USA_2020_trie_CM,Banque_Comert_Turquie_2020_jpg,Banque_Viscaino_Chili_2020,GMFUNL_jan2023,inference",inference,inference,"Banque_Calaman_USA_2020_trie_CM,Banque_Comert_Turquie_2020_jpg,Banque_Viscaino_Chili_2020,GMFUNL_jan2023,inference|inference|inference"
6fc58666f579,otitis_four_class,resnet18,otite_ds_64/USA_Turquie_Chili_GMFUNL_inference,224,0,4,hinge,no,no,1,1,mean,1,yes,none,0,logs/best_models/otitis_four_class/resnet18/otite_ds_64/USA_Turquie_Chili_GMFUNL_inference/nsize224/fgsm0/ncal4/hinge/no/prototypes_no/npos1/nneg1/protoagg_mean_1/normyes/dist_none/knn0,logs/best_models/otitis_four_class/resnet18/otite_ds_64/USA_Turquie_Chili_GMFUNL_inference/nsize224/fgsm0/ncal4/hinge/no/prototypes_no/npos1/nneg1/protoagg_mean_1/normyes/dist_none/knn0/model.pth,logs/best_models/otitis_four_class/resnet18/otite_ds_64/USA_Turquie_Chili_GMFUNL_inference/nsize224/fgsm0/ncal4/hinge/no/prototypes_no/npos1/nneg1/protoagg_mean_1/normyes/dist_none/knn0/prototypes.pkl,logs/best_models/otitis_four_class/resnet18/otite_ds_64/USA_Turquie_Chili_GMFUNL_inference/nsize224/fgsm0/ncal4/hinge/no/prototypes_no/npos1/nneg1/protoagg_mean_1/normyes/dist_none/knn0/train_encodings.npz,logs/best_models/otitis_four_class/resnet18/otite_ds_64/USA_Turquie_Chili_GMFUNL_inference/nsize224/fgsm0/ncal4/hinge/no/prototypes_no/npos1/nneg1/protoagg_mean_1/normyes/dist_none/knn0/valid_encodings.npz,logs/best_models/otitis_four_class/resnet18/otite_ds_64/USA_Turquie_Chili_GMFUNL_inference/nsize224/fgsm0/ncal4/hinge/no/prototypes_no/npos1/nneg1/protoagg_mean_1/normyes/dist_none/knn0/test_encodings.npz,,yes,,0.6411764705882353,0.6411764705882353,0.8004249040921414,0.4815713303308872,0.7999025178570875,0.9016393442622951,0.9045694379907955,0.8235294117647058,0.8,0.9039541702426845,0.02084226628441288,0.17824047440884797,protot_kmeans_4,Prototype: KMEANS (n_comp=4),kmeans,2,protot_kmeans_4,Prototype: KMEANS (n_comp=4),kmeans,2,"Banque_Calaman_USA_2020_trie_CM,Banque_Comert_Turquie_2020_jpg,Banque_Viscaino_Chili_2020,GMFUNL_jan2023,inference",inference,inference,"Banque_Calaman_USA_2020_trie_CM,Banque_Comert_Turquie_2020_jpg,Banque_Viscaino_Chili_2020,GMFUNL_jan2023,inference|inference|inference"
4c8de128b815,otitis_four_class,resnet18,otite_ds_64/USA_Turquie_Chili_GMFUNL_inference,224,0,4,softmax_contrastive,inverseTriplet,no,1,1,mean,1,yes,cosine,3,logs/best_models/otitis_four_class/resnet18/otite_ds_64/USA_Turquie_Chili_GMFUNL_inference/nsize224/fgsm0/ncal4/softmax_contrastive/inverseTriplet/prototypes_no/npos1/nneg1/protoagg_mean_1/normyes/dist_cosine/knn3,logs/best_models/otitis_four_class/resnet18/otite_ds_64/USA_Turquie_Chili_GMFUNL_inference/nsize224/fgsm0/ncal4/softmax_contrastive/inverseTriplet/prototypes_no/npos1/nneg1/protoagg_mean_1/normyes/dist_cosine/knn3/model.pth,logs/best_models/otitis_four_class/resnet18/otite_ds_64/USA_Turquie_Chili_GMFUNL_inference/nsize224/fgsm0/ncal4/softmax_contrastive/inverseTriplet/prototypes_no/npos1/nneg1/protoagg_mean_1/normyes/dist_cosine/knn3/prototypes.pkl,logs/best_models/otitis_four_class/resnet18/otite_ds_64/USA_Turquie_Chili_GMFUNL_inference/nsize224/fgsm0/ncal4/softmax_contrastive/inverseTriplet/prototypes_no/npos1/nneg1/protoagg_mean_1/normyes/dist_cosine/knn3/train_encodings.npz,logs/best_models/otitis_four_class/resnet18/otite_ds_64/USA_Turquie_Chili_GMFUNL_inference/nsize224/fgsm0/ncal4/softmax_contrastive/inverseTriplet/prototypes_no/npos1/nneg1/protoagg_mean_1/normyes/dist_cosine/knn3/valid_encodings.npz,logs/best_models/otitis_four_class/resnet18/otite_ds_64/USA_Turquie_Chili_GMFUNL_inference/nsize224/fgsm0/ncal4/softmax_contrastive/inverseTriplet/prototypes_no/npos1/nneg1/protoagg_mean_1/normyes/dist_cosine/knn3/test_encodings.npz,,yes,,0.5004345937369794,0.5004345937369794,0.7689209453734154,0.4131510488465008,0.7657701697886686,0.7878787878787878,0.9703828774218771,0.8644628099173552,0.8434343434343435,0.9689965727061345,0.23821548821548819,0.4511784511784512,18,KNN (k=18),knn,2,18,KNN (k=18),knn,2,"Banque_Calaman_USA_2020_trie_CM,Banque_Comert_Turquie_2020_jpg,Banque_Viscaino_Chili_2020,GMFUNL_jan2023",inference,inference,"Banque_Calaman_USA_2020_trie_CM,Banque_Comert_Turquie_2020_jpg,Banque_Viscaino_Chili_2020,GMFUNL_jan2023|inference|inference"
eeedec202bf6,otitis_four_class,resnet18,otite_ds_64/USA_Turquie_Chili_GMFUNL_inference,224,0,4,softmax_contrastive,no,no,1,1,mean,1,yes,cosine,1,logs/best_models/otitis_four_class/resnet18/otite_ds_64/USA_Turquie_Chili_GMFUNL_inference/nsize224/fgsm0/ncal4/softmax_contrastive/no/prototypes_no/npos1/nneg1/protoagg_mean_1/normyes/dist_cosine/knn1,logs/best_models/otitis_four_class/resnet18/otite_ds_64/USA_Turquie_Chili_GMFUNL_inference/nsize224/fgsm0/ncal4/softmax_contrastive/no/prototypes_no/npos1/nneg1/protoagg_mean_1/normyes/dist_cosine/knn1/model.pth,logs/best_models/otitis_four_class/resnet18/otite_ds_64/USA_Turquie_Chili_GMFUNL_inference/nsize224/fgsm0/ncal4/softmax_contrastive/no/prototypes_no/npos1/nneg1/protoagg_mean_1/normyes/dist_cosine/knn1/prototypes.pkl,logs/best_models/otitis_four_class/resnet18/otite_ds_64/USA_Turquie_Chili_GMFUNL_inference/nsize224/fgsm0/ncal4/softmax_contrastive/no/prototypes_no/npos1/nneg1/protoagg_mean_1/normyes/dist_cosine/knn1/train_encodings.npz,logs/best_models/otitis_four_class/resnet18/otite_ds_64/USA_Turquie_Chili_GMFUNL_inference/nsize224/fgsm0/ncal4/softmax_contrastive/no/prototypes_no/npos1/nneg1/protoagg_mean_1/normyes/dist_cosine/knn1/valid_encodings.npz,logs/best_models/otitis_four_class/resnet18/otite_ds_64/USA_Turquie_Chili_GMFUNL_inference/nsize224/fgsm0/ncal4/softmax_contrastive/no/prototypes_no/npos1/nneg1/protoagg_mean_1/normyes/dist_cosine/knn1/test_encodings.npz,logs/otitis_four_class/13cec391-9371-4367-b795-d9bc8f7c2d98,yes,,0.6897979292329923,0.6897979292329923,0.8911933769783165,0.06262242910851495,0.8875518425628173,0.9180327868852459,0.9898004168148279,0.8049019607843136,0.801,0.9884444094608158,0.17110655737704916,0.21657274590163936,16,KNN (k=16),knn,2,16,KNN (k=16),knn,2,"Banque_Calaman_USA_2020_trie_CM,Banque_Comert_Turquie_2020_jpg,Banque_Viscaino_Chili_2020,GMFUNL_jan2023,inference",inference,inference,"Banque_Calaman_USA_2020_trie_CM,Banque_Comert_Turquie_2020_jpg,Banque_Viscaino_Chili_2020,GMFUNL_jan2023,inference|inference|inference"
f4e9017f5fcf,otitis_four_class,resnet18,otite_ds_64/USA_Turquie_Chili_GMFUNL_inference,224,0,4,softmax_contrastive,no,no,1,1,mean,1,yes,cosine,7,logs/best_models/otitis_four_class/resnet18/otite_ds_64/USA_Turquie_Chili_GMFUNL_inference/nsize224/fgsm0/ncal4/softmax_contrastive/no/prototypes_no/npos1/nneg1/protoagg_mean_1/normyes/dist_cosine/knn7,logs/best_models/otitis_four_class/resnet18/otite_ds_64/USA_Turquie_Chili_GMFUNL_inference/nsize224/fgsm0/ncal4/softmax_contrastive/no/prototypes_no/npos1/nneg1/protoagg_mean_1/normyes/dist_cosine/knn7/model.pth,logs/best_models/otitis_four_class/resnet18/otite_ds_64/USA_Turquie_Chili_GMFUNL_inference/nsize224/fgsm0/ncal4/softmax_contrastive/no/prototypes_no/npos1/nneg1/protoagg_mean_1/normyes/dist_cosine/knn7/prototypes.pkl,logs/best_models/otitis_four_class/resnet18/otite_ds_64/USA_Turquie_Chili_GMFUNL_inference/nsize224/fgsm0/ncal4/softmax_contrastive/no/prototypes_no/npos1/nneg1/protoagg_mean_1/normyes/dist_cosine/knn7/train_encodings.npz,logs/best_models/otitis_four_class/resnet18/otite_ds_64/USA_Turquie_Chili_GMFUNL_inference/nsize224/fgsm0/ncal4/softmax_contrastive/no/prototypes_no/npos1/nneg1/protoagg_mean_1/normyes/dist_cosine/knn7/valid_encodings.npz,logs/best_models/otitis_four_class/resnet18/otite_ds_64/USA_Turquie_Chili_GMFUNL_inference/nsize224/fgsm0/ncal4/softmax_contrastive/no/prototypes_no/npos1/nneg1/protoagg_mean_1/normyes/dist_cosine/knn7/test_encodings.npz,,yes,,0.5134236249100267,0.5134236249100267,0.9858599067410467,0.17766726362967536,0.9837228253380726,0.8787878787878788,0.99980573070613,0.737190082644628,0.6860269360269361,0.9991701510200958,0.12626262626262627,0.24579124579124578,3,KNN (k=3),knn,5,3,KNN (k=3),knn,5,"Banque_Calaman_USA_2020_trie_CM,Banque_Comert_Turquie_2020_jpg,Banque_Viscaino_Chili_2020,GMFUNL_jan2023,inference",inference,inference,"Banque_Calaman_USA_2020_trie_CM,Banque_Comert_Turquie_2020_jpg,Banque_Viscaino_Chili_2020,GMFUNL_jan2023,inference|inference|inference"
7aedc0c58a2d,otitis_four_class,resnet18,otite_ds_64/USA_Turquie_Chili_GMFUNL_inference,224,0,4,triplet,inverseTriplet,no,1,1,mean,1,yes,cosine,3,logs/best_models/otitis_four_class/resnet18/otite_ds_64/USA_Turquie_Chili_GMFUNL_inference/nsize224/fgsm0/ncal4/triplet/inverseTriplet/prototypes_no/npos1/nneg1/protoagg_mean_1/normyes/dist_cosine/knn3,logs/best_models/otitis_four_class/resnet18/otite_ds_64/USA_Turquie_Chili_GMFUNL_inference/nsize224/fgsm0/ncal4/triplet/inverseTriplet/prototypes_no/npos1/nneg1/protoagg_mean_1/normyes/dist_cosine/knn3/model.pth,logs/best_models/otitis_four_class/resnet18/otite_ds_64/USA_Turquie_Chili_GMFUNL_inference/nsize224/fgsm0/ncal4/triplet/inverseTriplet/prototypes_no/npos1/nneg1/protoagg_mean_1/normyes/dist_cosine/knn3/prototypes.pkl,logs/best_models/otitis_four_class/resnet18/otite_ds_64/USA_Turquie_Chili_GMFUNL_inference/nsize224/fgsm0/ncal4/triplet/inverseTriplet/prototypes_no/npos1/nneg1/protoagg_mean_1/normyes/dist_cosine/knn3/train_encodings.npz,logs/best_models/otitis_four_class/resnet18/otite_ds_64/USA_Turquie_Chili_GMFUNL_inference/nsize224/fgsm0/ncal4/triplet/inverseTriplet/prototypes_no/npos1/nneg1/protoagg_mean_1/normyes/dist_cosine/knn3/valid_encodings.npz,logs/best_models/otitis_four_class/resnet18/otite_ds_64/USA_Turquie_Chili_GMFUNL_inference/nsize224/fgsm0/ncal4/triplet/inverseTriplet/prototypes_no/npos1/nneg1/protoagg_mean_1/normyes/dist_cosine/knn3/test_encodings.npz,logs/otitis_four_class/f06f52aa-3131-4d17-ad59-ecac2dc02cd6,yes,,0.5004345937369794,0.5004345937369794,0.7689209453734154,0.4131510488465008,0.7657701697886686,0.7878787878787878,0.9703828774218771,0.8644628099173552,0.8434343434343435,0.9689965727061345,0.23821548821548819,0.4511784511784512,18,KNN (k=18),knn,2,18,KNN (k=18),knn,2,"Banque_Calaman_USA_2020_trie_CM,Banque_Comert_Turquie_2020_jpg,Banque_Viscaino_Chili_2020,GMFUNL_jan2023",inference,inference,"Banque_Calaman_USA_2020_trie_CM,Banque_Comert_Turquie_2020_jpg,Banque_Viscaino_Chili_2020,GMFUNL_jan2023|inference|inference"
824e307f1b29,otitis_four_class,resnet18,otite_ds_64/USA_Turquie_Chili_GMFUNL_inference,224,0,4,triplet,inverseTriplet,no,1,5,mean,1,yes,cosine,2,logs/best_models/otitis_four_class/resnet18/otite_ds_64/USA_Turquie_Chili_GMFUNL_inference/nsize224/fgsm0/ncal4/triplet/inverseTriplet/prototypes_no/npos1/nneg5/protoagg_mean_1/normyes/dist_cosine/knn2,logs/best_models/otitis_four_class/resnet18/otite_ds_64/USA_Turquie_Chili_GMFUNL_inference/nsize224/fgsm0/ncal4/triplet/inverseTriplet/prototypes_no/npos1/nneg5/protoagg_mean_1/normyes/dist_cosine/knn2/model.pth,logs/best_models/otitis_four_class/resnet18/otite_ds_64/USA_Turquie_Chili_GMFUNL_inference/nsize224/fgsm0/ncal4/triplet/inverseTriplet/prototypes_no/npos1/nneg5/protoagg_mean_1/normyes/dist_cosine/knn2/prototypes.pkl,logs/best_models/otitis_four_class/resnet18/otite_ds_64/USA_Turquie_Chili_GMFUNL_inference/nsize224/fgsm0/ncal4/triplet/inverseTriplet/prototypes_no/npos1/nneg5/protoagg_mean_1/normyes/dist_cosine/knn2/train_encodings.npz,logs/best_models/otitis_four_class/resnet18/otite_ds_64/USA_Turquie_Chili_GMFUNL_inference/nsize224/fgsm0/ncal4/triplet/inverseTriplet/prototypes_no/npos1/nneg5/protoagg_mean_1/normyes/dist_cosine/knn2/valid_encodings.npz,logs/best_models/otitis_four_class/resnet18/otite_ds_64/USA_Turquie_Chili_GMFUNL_inference/nsize224/fgsm0/ncal4/triplet/inverseTriplet/prototypes_no/npos1/nneg5/protoagg_mean_1/normyes/dist_cosine/knn2/test_encodings.npz,logs/otitis_four_class/7bca31e4-25cc-4038-92b6-5b5662006b9d,yes,,0.4640954808922571,0.4640954808922571,0.6790196085734902,0.262431940540739,0.6743044296736455,0.8333333333333334,0.7119788599626571,0.7404958677685951,0.7474747474747474,0.7096815243359629,0.16666666666666663,0.3333333333333329,baseline_qda,Quadratic Discriminant,qda,0,baseline_qda,Quadratic Discriminant,qda,0,"Banque_Calaman_USA_2020_trie_CM,Banque_Comert_Turquie_2020_jpg,Banque_Viscaino_Chili_2020,GMFUNL_jan2023,inference",inference,inference,"Banque_Calaman_USA_2020_trie_CM,Banque_Comert_Turquie_2020_jpg,Banque_Viscaino_Chili_2020,GMFUNL_jan2023,inference|inference|inference"
5ae79c4e9d85,otitis_four_class,resnet18,otite_ds_64/USA_Turquie_Chili_GMFUNL_inference,224,0,4,triplet,inverseTriplet,no,1,5,mean,1,yes,cosine,3,logs/best_models/otitis_four_class/resnet18/otite_ds_64/USA_Turquie_Chili_GMFUNL_inference/nsize224/fgsm0/ncal4/triplet/inverseTriplet/prototypes_no/npos1/nneg5/protoagg_mean_1/normyes/dist_cosine/knn3,logs/best_models/otitis_four_class/resnet18/otite_ds_64/USA_Turquie_Chili_GMFUNL_inference/nsize224/fgsm0/ncal4/triplet/inverseTriplet/prototypes_no/npos1/nneg5/protoagg_mean_1/normyes/dist_cosine/knn3/model.pth,logs/best_models/otitis_four_class/resnet18/otite_ds_64/USA_Turquie_Chili_GMFUNL_inference/nsize224/fgsm0/ncal4/triplet/inverseTriplet/prototypes_no/npos1/nneg5/protoagg_mean_1/normyes/dist_cosine/knn3/prototypes.pkl,logs/best_models/otitis_four_class/resnet18/otite_ds_64/USA_Turquie_Chili_GMFUNL_inference/nsize224/fgsm0/ncal4/triplet/inverseTriplet/prototypes_no/npos1/nneg5/protoagg_mean_1/normyes/dist_cosine/knn3/train_encodings.npz,logs/best_models/otitis_four_class/resnet18/otite_ds_64/USA_Turquie_Chili_GMFUNL_inference/nsize224/fgsm0/ncal4/triplet/inverseTriplet/prototypes_no/npos1/nneg5/protoagg_mean_1/normyes/dist_cosine/knn3/valid_encodings.npz,logs/best_models/otitis_four_class/resnet18/otite_ds_64/USA_Turquie_Chili_GMFUNL_inference/nsize224/fgsm0/ncal4/triplet/inverseTriplet/prototypes_no/npos1/nneg5/protoagg_mean_1/normyes/dist_cosine/knn3/test_encodings.npz,,yes,,0.5004345937369794,0.5004345937369794,0.7689209453734154,0.4131510488465008,0.7657701697886686,0.7878787878787878,0.9703828774218771,0.8644628099173552,0.8434343434343435,0.9689965727061345,0.23821548821548819,0.4511784511784512,18,KNN (k=18),knn,2,18,KNN (k=18),knn,2,"Banque_Calaman_USA_2020_trie_CM,Banque_Comert_Turquie_2020_jpg,Banque_Viscaino_Chili_2020,GMFUNL_jan2023",inference,inference,"Banque_Calaman_USA_2020_trie_CM,Banque_Comert_Turquie_2020_jpg,Banque_Viscaino_Chili_2020,GMFUNL_jan2023|inference|inference"
ef4cbb1f35da,otitis_four_class,resnet18,otite_ds_64/USA_Turquie_Chili_GMFUNL_inference,224,0,4,triplet,inverseTriplet,no,1,5,mean,1,yes,euclidean,3,logs/best_models/otitis_four_class/resnet18/otite_ds_64/USA_Turquie_Chili_GMFUNL_inference/nsize224/fgsm0/ncal4/triplet/inverseTriplet/prototypes_no/npos1/nneg5/protoagg_mean_1/normyes/dist_euclidean/knn3,logs/best_models/otitis_four_class/resnet18/otite_ds_64/USA_Turquie_Chili_GMFUNL_inference/nsize224/fgsm0/ncal4/triplet/inverseTriplet/prototypes_no/npos1/nneg5/protoagg_mean_1/normyes/dist_euclidean/knn3/model.pth,logs/best_models/otitis_four_class/resnet18/otite_ds_64/USA_Turquie_Chili_GMFUNL_inference/nsize224/fgsm0/ncal4/triplet/inverseTriplet/prototypes_no/npos1/nneg5/protoagg_mean_1/normyes/dist_euclidean/knn3/prototypes.pkl,logs/best_models/otitis_four_class/resnet18/otite_ds_64/USA_Turquie_Chili_GMFUNL_inference/nsize224/fgsm0/ncal4/triplet/inverseTriplet/prototypes_no/npos1/nneg5/protoagg_mean_1/normyes/dist_euclidean/knn3/train_encodings.npz,logs/best_models/otitis_four_class/resnet18/otite_ds_64/USA_Turquie_Chili_GMFUNL_inference/nsize224/fgsm0/ncal4/triplet/inverseTriplet/prototypes_no/npos1/nneg5/protoagg_mean_1/normyes/dist_euclidean/knn3/valid_encodings.npz,logs/best_models/otitis_four_class/resnet18/otite_ds_64/USA_Turquie_Chili_GMFUNL_inference/nsize224/fgsm0/ncal4/triplet/inverseTriplet/prototypes_no/npos1/nneg5/protoagg_mean_1/normyes/dist_euclidean/knn3/test_encodings.npz,logs/otitis_four_class/d5a332fb-7a79-4b55-b191-bce9569f5b0d,yes,,0.5004345937369794,0.5004345937369794,0.7689209453734154,0.4131510488465008,0.7657701697886686,0.7878787878787878,0.9703828774218771,0.8644628099173552,0.8434343434343435,0.9689965727061345,0.23821548821548819,0.4511784511784512,18,KNN (k=18),knn,2,18,KNN (k=18),knn,2,"Banque_Calaman_USA_2020_trie_CM,Banque_Comert_Turquie_2020_jpg,Banque_Viscaino_Chili_2020,GMFUNL_jan2023",inference,inference,"Banque_Calaman_USA_2020_trie_CM,Banque_Comert_Turquie_2020_jpg,Banque_Viscaino_Chili_2020,GMFUNL_jan2023|inference|inference"
be3df028db1a,otitis_four_class,resnet18,otite_ds_64/USA_Turquie_Chili_GMFUNL_inference,224,0,4,triplet,no,no,1,1,mean,1,yes,cosine,7,logs/best_models/otitis_four_class/resnet18/otite_ds_64/USA_Turquie_Chili_GMFUNL_inference/nsize224/fgsm0/ncal4/triplet/no/prototypes_no/npos1/nneg1/protoagg_mean_1/normyes/dist_cosine/knn7,logs/best_models/otitis_four_class/resnet18/otite_ds_64/USA_Turquie_Chili_GMFUNL_inference/nsize224/fgsm0/ncal4/triplet/no/prototypes_no/npos1/nneg1/protoagg_mean_1/normyes/dist_cosine/knn7/model.pth,logs/best_models/otitis_four_class/resnet18/otite_ds_64/USA_Turquie_Chili_GMFUNL_inference/nsize224/fgsm0/ncal4/triplet/no/prototypes_no/npos1/nneg1/protoagg_mean_1/normyes/dist_cosine/knn7/prototypes.pkl,logs/best_models/otitis_four_class/resnet18/otite_ds_64/USA_Turquie_Chili_GMFUNL_inference/nsize224/fgsm0/ncal4/triplet/no/prototypes_no/npos1/nneg1/protoagg_mean_1/normyes/dist_cosine/knn7/train_encodings.npz,logs/best_models/otitis_four_class/resnet18/otite_ds_64/USA_Turquie_Chili_GMFUNL_inference/nsize224/fgsm0/ncal4/triplet/no/prototypes_no/npos1/nneg1/protoagg_mean_1/normyes/dist_cosine/knn7/valid_encodings.npz,logs/best_models/otitis_four_class/resnet18/otite_ds_64/USA_Turquie_Chili_GMFUNL_inference/nsize224/fgsm0/ncal4/triplet/no/prototypes_no/npos1/nneg1/protoagg_mean_1/normyes/dist_cosine/knn7/test_encodings.npz,logs/otitis_four_class/8e41de04-0348-46c9-8db3-af22674abdfb,yes,,0.5134236249100267,0.5134236249100267,0.9858599067410467,0.17766726362967536,0.9837228253380726,0.8787878787878788,0.99980573070613,0.737190082644628,0.6860269360269361,0.9991701510200958,0.12626262626262627,0.24579124579124578,3,KNN (k=3),knn,5,3,KNN (k=3),knn,5,"Banque_Calaman_USA_2020_trie_CM,Banque_Comert_Turquie_2020_jpg,Banque_Viscaino_Chili_2020,GMFUNL_jan2023,inference",inference,inference,"Banque_Calaman_USA_2020_trie_CM,Banque_Comert_Turquie_2020_jpg,Banque_Viscaino_Chili_2020,GMFUNL_jan2023,inference|inference|inference"
c3d9daf481e2,otitis_four_class,resnet18,otite_ds_64/USA_Turquie_Chili_GMFUNL_inference,224,0,4,triplet,no,no,1,5,mean,1,yes,cosine,1,logs/best_models/otitis_four_class/resnet18/otite_ds_64/USA_Turquie_Chili_GMFUNL_inference/nsize224/fgsm0/ncal4/triplet/no/prototypes_no/npos1/nneg5/protoagg_mean_1/normyes/dist_cosine/knn1,logs/best_models/otitis_four_class/resnet18/otite_ds_64/USA_Turquie_Chili_GMFUNL_inference/nsize224/fgsm0/ncal4/triplet/no/prototypes_no/npos1/nneg5/protoagg_mean_1/normyes/dist_cosine/knn1/model.pth,logs/best_models/otitis_four_class/resnet18/otite_ds_64/USA_Turquie_Chili_GMFUNL_inference/nsize224/fgsm0/ncal4/triplet/no/prototypes_no/npos1/nneg5/protoagg_mean_1/normyes/dist_cosine/knn1/prototypes.pkl,logs/best_models/otitis_four_class/resnet18/otite_ds_64/USA_Turquie_Chili_GMFUNL_inference/nsize224/fgsm0/ncal4/triplet/no/prototypes_no/npos1/nneg5/protoagg_mean_1/normyes/dist_cosine/knn1/train_encodings.npz,logs/best_models/otitis_four_class/resnet18/otite_ds_64/USA_Turquie_Chili_GMFUNL_inference/nsize224/fgsm0/ncal4/triplet/no/prototypes_no/npos1/nneg5/protoagg_mean_1/normyes/dist_cosine/knn1/valid_encodings.npz,logs/best_models/otitis_four_class/resnet18/otite_ds_64/USA_Turquie_Chili_GMFUNL_inference/nsize224/fgsm0/ncal4/triplet/no/prototypes_no/npos1/nneg5/protoagg_mean_1/normyes/dist_cosine/knn1/test_encodings.npz,logs/otitis_four_class/eefdd688-f08f-40f9-babd-8325ca798a63,yes,,0.6897979292329923,0.6897979292329923,0.8911933769783165,0.06262242910851495,0.8875518425628173,0.9180327868852459,0.9898004168148279,0.8049019607843136,0.801,0.9884444094608158,0.17110655737704916,0.21657274590163936,16,KNN (k=16),knn,2,16,KNN (k=16),knn,2,"Banque_Calaman_USA_2020_trie_CM,Banque_Comert_Turquie_2020_jpg,Banque_Viscaino_Chili_2020,GMFUNL_jan2023,inference",inference,inference,"Banque_Calaman_USA_2020_trie_CM,Banque_Comert_Turquie_2020_jpg,Banque_Viscaino_Chili_2020,GMFUNL_jan2023,inference|inference|inference"
8eaa975b0c53,otitis_four_class,resnet18,otite_ds_64/USA_Turquie_Chili_GMFUNL_inference,224,0,4,triplet,no,no,1,5,mean,1,yes,cosine,7,logs/best_models/otitis_four_class/resnet18/otite_ds_64/USA_Turquie_Chili_GMFUNL_inference/nsize224/fgsm0/ncal4/triplet/no/prototypes_no/npos1/nneg5/protoagg_mean_1/normyes/dist_cosine/knn7,logs/best_models/otitis_four_class/resnet18/otite_ds_64/USA_Turquie_Chili_GMFUNL_inference/nsize224/fgsm0/ncal4/triplet/no/prototypes_no/npos1/nneg5/protoagg_mean_1/normyes/dist_cosine/knn7/model.pth,logs/best_models/otitis_four_class/resnet18/otite_ds_64/USA_Turquie_Chili_GMFUNL_inference/nsize224/fgsm0/ncal4/triplet/no/prototypes_no/npos1/nneg5/protoagg_mean_1/normyes/dist_cosine/knn7/prototypes.pkl,logs/best_models/otitis_four_class/resnet18/otite_ds_64/USA_Turquie_Chili_GMFUNL_inference/nsize224/fgsm0/ncal4/triplet/no/prototypes_no/npos1/nneg5/protoagg_mean_1/normyes/dist_cosine/knn7/train_encodings.npz,logs/best_models/otitis_four_class/resnet18/otite_ds_64/USA_Turquie_Chili_GMFUNL_inference/nsize224/fgsm0/ncal4/triplet/no/prototypes_no/npos1/nneg5/protoagg_mean_1/normyes/dist_cosine/knn7/valid_encodings.npz,logs/best_models/otitis_four_class/resnet18/otite_ds_64/USA_Turquie_Chili_GMFUNL_inference/nsize224/fgsm0/ncal4/triplet/no/prototypes_no/npos1/nneg5/protoagg_mean_1/normyes/dist_cosine/knn7/test_encodings.npz,,yes,,0.5134236249100267,0.5134236249100267,0.9858599067410467,0.17766726362967536,0.9837228253380726,0.8787878787878788,0.99980573070613,0.737190082644628,0.6860269360269361,0.9991701510200958,0.12626262626262627,0.24579124579124578,3,KNN (k=3),knn,5,3,KNN (k=3),knn,5,"Banque_Calaman_USA_2020_trie_CM,Banque_Comert_Turquie_2020_jpg,Banque_Viscaino_Chili_2020,GMFUNL_jan2023,inference",inference,inference,"Banque_Calaman_USA_2020_trie_CM,Banque_Comert_Turquie_2020_jpg,Banque_Viscaino_Chili_2020,GMFUNL_jan2023,inference|inference|inference"
65be951dd821,otitis_four_class,resnet18,otite_ds_64/USA_Turquie_Chili_GMFUNL_inference,224,1,4,arcface,no,class,1,1,mean,1,yes,none,1,logs/best_models/otitis_four_class/resnet18/otite_ds_64/USA_Turquie_Chili_GMFUNL_inference/nsize224/fgsm1/ncal4/arcface/no/prototypes_class/npos1/nneg1/protoagg_mean_1/normyes/dist_none/knn1,logs/best_models/otitis_four_class/resnet18/otite_ds_64/USA_Turquie_Chili_GMFUNL_inference/nsize224/fgsm1/ncal4/arcface/no/prototypes_class/npos1/nneg1/protoagg_mean_1/normyes/dist_none/knn1/model.pth,logs/best_models/otitis_four_class/resnet18/otite_ds_64/USA_Turquie_Chili_GMFUNL_inference/nsize224/fgsm1/ncal4/arcface/no/prototypes_class/npos1/nneg1/protoagg_mean_1/normyes/dist_none/knn1/prototypes.pkl,logs/best_models/otitis_four_class/resnet18/otite_ds_64/USA_Turquie_Chili_GMFUNL_inference/nsize224/fgsm1/ncal4/arcface/no/prototypes_class/npos1/nneg1/protoagg_mean_1/normyes/dist_none/knn1/train_encodings.npz,logs/best_models/otitis_four_class/resnet18/otite_ds_64/USA_Turquie_Chili_GMFUNL_inference/nsize224/fgsm1/ncal4/arcface/no/prototypes_class/npos1/nneg1/protoagg_mean_1/normyes/dist_none/knn1/valid_encodings.npz,logs/best_models/otitis_four_class/resnet18/otite_ds_64/USA_Turquie_Chili_GMFUNL_inference/nsize224/fgsm1/ncal4/arcface/no/prototypes_class/npos1/nneg1/protoagg_mean_1/normyes/dist_none/knn1/test_encodings.npz,,yes,,0.6897979292329923,0.6897979292329923,0.8911933769783165,0.06262242910851495,0.8875518425628173,0.9180327868852459,0.9898004168148279,0.8049019607843136,0.801,0.9884444094608158,0.17110655737704916,0.21657274590163936,16,KNN (k=16),knn,2,16,KNN (k=16),knn,2,"Banque_Calaman_USA_2020_trie_CM,Banque_Comert_Turquie_2020_jpg,Banque_Viscaino_Chili_2020,GMFUNL_jan2023,inference",inference,inference,"Banque_Calaman_USA_2020_trie_CM,Banque_Comert_Turquie_2020_jpg,Banque_Viscaino_Chili_2020,GMFUNL_jan2023,inference|inference|inference"
386f59d825c4,otitis_four_class,resnet18,otite_ds_64/USA_Turquie_Chili_GMFUNL_inference,224,1,4,arcface,no,no,1,1,mean,1,yes,none,1,logs/best_models/otitis_four_class/resnet18/otite_ds_64/USA_Turquie_Chili_GMFUNL_inference/nsize224/fgsm1/ncal4/arcface/no/prototypes_no/npos1/nneg1/protoagg_mean_1/normyes/dist_none/knn1,logs/best_models/otitis_four_class/resnet18/otite_ds_64/USA_Turquie_Chili_GMFUNL_inference/nsize224/fgsm1/ncal4/arcface/no/prototypes_no/npos1/nneg1/protoagg_mean_1/normyes/dist_none/knn1/model.pth,logs/best_models/otitis_four_class/resnet18/otite_ds_64/USA_Turquie_Chili_GMFUNL_inference/nsize224/fgsm1/ncal4/arcface/no/prototypes_no/npos1/nneg1/protoagg_mean_1/normyes/dist_none/knn1/prototypes.pkl,logs/best_models/otitis_four_class/resnet18/otite_ds_64/USA_Turquie_Chili_GMFUNL_inference/nsize224/fgsm1/ncal4/arcface/no/prototypes_no/npos1/nneg1/protoagg_mean_1/normyes/dist_none/knn1/train_encodings.npz,logs/best_models/otitis_four_class/resnet18/otite_ds_64/USA_Turquie_Chili_GMFUNL_inference/nsize224/fgsm1/ncal4/arcface/no/prototypes_no/npos1/nneg1/protoagg_mean_1/normyes/dist_none/knn1/valid_encodings.npz,logs/best_models/otitis_four_class/resnet18/otite_ds_64/USA_Turquie_Chili_GMFUNL_inference/nsize224/fgsm1/ncal4/arcface/no/prototypes_no/npos1/nneg1/protoagg_mean_1/normyes/dist_none/knn1/test_encodings.npz,logs/otitis_four_class/0dcaec3c-c2d6-4495-8b1d-81a4a4fb057b,yes,,0.6897979292329923,0.6897979292329923,0.8911933769783165,0.06262242910851495,0.8875518425628173,0.9180327868852459,0.9898004168148279,0.8049019607843136,0.801,0.9884444094608158,0.17110655737704916,0.21657274590163936,16,KNN (k=16),knn,2,16,KNN (k=16),knn,2,"Banque_Calaman_USA_2020_trie_CM,Banque_Comert_Turquie_2020_jpg,Banque_Viscaino_Chili_2020,GMFUNL_jan2023,inference",inference,inference,"Banque_Calaman_USA_2020_trie_CM,Banque_Comert_Turquie_2020_jpg,Banque_Viscaino_Chili_2020,GMFUNL_jan2023,inference|inference|inference"
21f377639609,otitis_four_class,resnet18,otite_ds_64/USA_Turquie_Chili_GMFUNL_inference,224,1,4,ce,no,no,1,1,mean,1,yes,none,0,logs/best_models/otitis_four_class/resnet18/otite_ds_64/USA_Turquie_Chili_GMFUNL_inference/nsize224/fgsm1/ncal4/ce/no/prototypes_no/npos1/nneg1/protoagg_mean_1/normyes/dist_none/knn0,logs/best_models/otitis_four_class/resnet18/otite_ds_64/USA_Turquie_Chili_GMFUNL_inference/nsize224/fgsm1/ncal4/ce/no/prototypes_no/npos1/nneg1/protoagg_mean_1/normyes/dist_none/knn0/model.pth,logs/best_models/otitis_four_class/resnet18/otite_ds_64/USA_Turquie_Chili_GMFUNL_inference/nsize224/fgsm1/ncal4/ce/no/prototypes_no/npos1/nneg1/protoagg_mean_1/normyes/dist_none/knn0/prototypes.pkl,logs/best_models/otitis_four_class/resnet18/otite_ds_64/USA_Turquie_Chili_GMFUNL_inference/nsize224/fgsm1/ncal4/ce/no/prototypes_no/npos1/nneg1/protoagg_mean_1/normyes/dist_none/knn0/train_encodings.npz,logs/best_models/otitis_four_class/resnet18/otite_ds_64/USA_Turquie_Chili_GMFUNL_inference/nsize224/fgsm1/ncal4/ce/no/prototypes_no/npos1/nneg1/protoagg_mean_1/normyes/dist_none/knn0/valid_encodings.npz,logs/best_models/otitis_four_class/resnet18/otite_ds_64/USA_Turquie_Chili_GMFUNL_inference/nsize224/fgsm1/ncal4/ce/no/prototypes_no/npos1/nneg1/protoagg_mean_1/normyes/dist_none/knn0/test_encodings.npz,logs/otitis_four_class/99329e8d-4a4d-4e73-a495-79be0f2093de,yes,,0.6411764705882353,0.6411764705882353,0.8004249040921414,0.4815713303308872,0.7999025178570875,0.9016393442622951,0.9045694379907955,0.8235294117647058,0.8,0.9039541702426845,0.02084226628441288,0.17824047440884797,protot_kmeans_4,Prototype: KMEANS (n_comp=4),kmeans,2,protot_kmeans_4,Prototype: KMEANS (n_comp=4),kmeans,2,"Banque_Calaman_USA_2020_trie_CM,Banque_Comert_Turquie_2020_jpg,Banque_Viscaino_Chili_2020,GMFUNL_jan2023,inference",inference,inference,"Banque_Calaman_USA_2020_trie_CM,Banque_Comert_Turquie_2020_jpg,Banque_Viscaino_Chili_2020,GMFUNL_jan2023,inference|inference|inference"
2f6f6ffc9fff,otitis_four_class,resnet18,otite_ds_64/USA_Turquie_Chili_GMFUNL_inference,224,1,4,triplet,no,class,1,1,mean,1,yes,cosine,2,logs/best_models/otitis_four_class/resnet18/otite_ds_64/USA_Turquie_Chili_GMFUNL_inference/nsize224/fgsm1/ncal4/triplet/no/prototypes_class/npos1/nneg1/protoagg_mean_1/normyes/dist_cosine/knn2,logs/best_models/otitis_four_class/resnet18/otite_ds_64/USA_Turquie_Chili_GMFUNL_inference/nsize224/fgsm1/ncal4/triplet/no/prototypes_class/npos1/nneg1/protoagg_mean_1/normyes/dist_cosine/knn2/model.pth,logs/best_models/otitis_four_class/resnet18/otite_ds_64/USA_Turquie_Chili_GMFUNL_inference/nsize224/fgsm1/ncal4/triplet/no/prototypes_class/npos1/nneg1/protoagg_mean_1/normyes/dist_cosine/knn2/prototypes.pkl,logs/best_models/otitis_four_class/resnet18/otite_ds_64/USA_Turquie_Chili_GMFUNL_inference/nsize224/fgsm1/ncal4/triplet/no/prototypes_class/npos1/nneg1/protoagg_mean_1/normyes/dist_cosine/knn2/train_encodings.npz,logs/best_models/otitis_four_class/resnet18/otite_ds_64/USA_Turquie_Chili_GMFUNL_inference/nsize224/fgsm1/ncal4/triplet/no/prototypes_class/npos1/nneg1/protoagg_mean_1/normyes/dist_cosine/knn2/valid_encodings.npz,logs/best_models/otitis_four_class/resnet18/otite_ds_64/USA_Turquie_Chili_GMFUNL_inference/nsize224/fgsm1/ncal4/triplet/no/prototypes_class/npos1/nneg1/protoagg_mean_1/normyes/dist_cosine/knn2/test_encodings.npz,,yes,,0.4640954808922571,0.4640954808922571,0.6790196085734902,0.262431940540739,0.6743044296736455,0.8333333333333334,0.7119788599626571,0.7404958677685951,0.7474747474747474,0.7096815243359629,0.16666666666666663,0.3333333333333329,baseline_qda,Quadratic Discriminant,qda,0,baseline_qda,Quadratic Discriminant,qda,0,"Banque_Calaman_USA_2020_trie_CM,Banque_Comert_Turquie_2020_jpg,Banque_Viscaino_Chili_2020,GMFUNL_jan2023,inference",inference,inference,"Banque_Calaman_USA_2020_trie_CM,Banque_Comert_Turquie_2020_jpg,Banque_Viscaino_Chili_2020,GMFUNL_jan2023,inference|inference|inference"
90042b5631fd,otitis_four_class,resnet18,otite_ds_64/USA_Turquie_Chili_GMFUNL_inference,224,1,4,triplet,no,no,1,1,mean,1,yes,cosine,2,logs/best_models/otitis_four_class/resnet18/otite_ds_64/USA_Turquie_Chili_GMFUNL_inference/nsize224/fgsm1/ncal4/triplet/no/prototypes_no/npos1/nneg1/protoagg_mean_1/normyes/dist_cosine/knn2,logs/best_models/otitis_four_class/resnet18/otite_ds_64/USA_Turquie_Chili_GMFUNL_inference/nsize224/fgsm1/ncal4/triplet/no/prototypes_no/npos1/nneg1/protoagg_mean_1/normyes/dist_cosine/knn2/model.pth,logs/best_models/otitis_four_class/resnet18/otite_ds_64/USA_Turquie_Chili_GMFUNL_inference/nsize224/fgsm1/ncal4/triplet/no/prototypes_no/npos1/nneg1/protoagg_mean_1/normyes/dist_cosine/knn2/prototypes.pkl,logs/best_models/otitis_four_class/resnet18/otite_ds_64/USA_Turquie_Chili_GMFUNL_inference/nsize224/fgsm1/ncal4/triplet/no/prototypes_no/npos1/nneg1/protoagg_mean_1/normyes/dist_cosine/knn2/train_encodings.npz,logs/best_models/otitis_four_class/resnet18/otite_ds_64/USA_Turquie_Chili_GMFUNL_inference/nsize224/fgsm1/ncal4/triplet/no/prototypes_no/npos1/nneg1/protoagg_mean_1/normyes/dist_cosine/knn2/valid_encodings.npz,logs/best_models/otitis_four_class/resnet18/otite_ds_64/USA_Turquie_Chili_GMFUNL_inference/nsize224/fgsm1/ncal4/triplet/no/prototypes_no/npos1/nneg1/protoagg_mean_1/normyes/dist_cosine/knn2/test_encodings.npz,logs/otitis_four_class/d6253370-b23e-482d-a41b-032f498028d4,yes,,0.4640954808922571,0.4640954808922571,0.6790196085734902,0.262431940540739,0.6743044296736455,0.8333333333333334,0.7119788599626571,0.7404958677685951,0.7474747474747474,0.7096815243359629,0.16666666666666663,0.3333333333333329,baseline_qda,Quadratic Discriminant,qda,0,baseline_qda,Quadratic Discriminant,qda,0,"Banque_Calaman_USA_2020_trie_CM,Banque_Comert_Turquie_2020_jpg,Banque_Viscaino_Chili_2020,GMFUNL_jan2023,inference",inference,inference,"Banque_Calaman_USA_2020_trie_CM,Banque_Comert_Turquie_2020_jpg,Banque_Viscaino_Chili_2020,GMFUNL_jan2023,inference|inference|inference"
5f7793707b45,otitis_four_class,resnet18,otite_ds_64/USA_Turquie_Chili_GMFUNL_inference,224,1,4,triplet,no,no,1,1,mean,1,yes,cosine,3,logs/best_models/otitis_four_class/resnet18/otite_ds_64/USA_Turquie_Chili_GMFUNL_inference/nsize224/fgsm1/ncal4/triplet/no/prototypes_no/npos1/nneg1/protoagg_mean_1/normyes/dist_cosine/knn3,logs/best_models/otitis_four_class/resnet18/otite_ds_64/USA_Turquie_Chili_GMFUNL_inference/nsize224/fgsm1/ncal4/triplet/no/prototypes_no/npos1/nneg1/protoagg_mean_1/normyes/dist_cosine/knn3/model.pth,logs/best_models/otitis_four_class/resnet18/otite_ds_64/USA_Turquie_Chili_GMFUNL_inference/nsize224/fgsm1/ncal4/triplet/no/prototypes_no/npos1/nneg1/protoagg_mean_1/normyes/dist_cosine/knn3/prototypes.pkl,logs/best_models/otitis_four_class/resnet18/otite_ds_64/USA_Turquie_Chili_GMFUNL_inference/nsize224/fgsm1/ncal4/triplet/no/prototypes_no/npos1/nneg1/protoagg_mean_1/normyes/dist_cosine/knn3/train_encodings.npz,logs/best_models/otitis_four_class/resnet18/otite_ds_64/USA_Turquie_Chili_GMFUNL_inference/nsize224/fgsm1/ncal4/triplet/no/prototypes_no/npos1/nneg1/protoagg_mean_1/normyes/dist_cosine/knn3/valid_encodings.npz,logs/best_models/otitis_four_class/resnet18/otite_ds_64/USA_Turquie_Chili_GMFUNL_inference/nsize224/fgsm1/ncal4/triplet/no/prototypes_no/npos1/nneg1/protoagg_mean_1/normyes/dist_cosine/knn3/test_encodings.npz,logs/otitis_four_class/243d6026-3a22-45dc-9f19-d426a570344c,yes,,0.5004345937369794,0.5004345937369794,0.7689209453734154,0.4131510488465008,0.7657701697886686,0.7878787878787878,0.9703828774218771,0.8644628099173552,0.8434343434343435,0.9689965727061345,0.23821548821548819,0.4511784511784512,18,KNN (k=18),knn,2,18,KNN (k=18),knn,2,"Banque_Calaman_USA_2020_trie_CM,Banque_Comert_Turquie_2020_jpg,Banque_Viscaino_Chili_2020,GMFUNL_jan2023",inference,inference,"Banque_Calaman_USA_2020_trie_CM,Banque_Comert_Turquie_2020_jpg,Banque_Viscaino_Chili_2020,GMFUNL_jan2023|inference|inference"
,otitis_four_class,resnet18,,,,,,,,,,,,,,,logs/otitis_four_class/1eeaab13-8cc0-4391-b5a2-2127e0fb5b01,,,,,,logs/otitis_four_class/1eeaab13-8cc0-4391-b5a2-2127e0fb5b01,yes,,0.7875457467586314,0.7875457467586314,0.7973056757603242,0.7707778189395221,0.7790900626923398,0.8636363636363636,0.938947798046995,0.925102157943067,0.9211822773186409,0.9231117998163452,0.1363510808302134,0.27272212171755583,baseline_naive_bayes,Naive Bayes,naive_bayes,2,baseline_naive_bayes,Naive Bayes,naive_bayes,2,"Banque_Calaman_USA_2020_trie_CM,Banque_Comert_Turquie_2020_jpg,GMFUNL_jan2023",Banque_Viscaino_Chili_2020,Banque_Viscaino_Chili_2020,"Banque_Calaman_USA_2020_trie_CM,Banque_Comert_Turquie_2020_jpg,GMFUNL_jan2023|Banque_Viscaino_Chili_2020|Banque_Viscaino_Chili_2020"
,otitis_four_class,resnet18,,,,,,,,,,,,,,,logs/otitis_four_class/5064d971-ddd6-4ecc-beb9-5729395e6c0f,,,,,,logs/otitis_four_class/5064d971-ddd6-4ecc-beb9-5729395e6c0f,yes,,0.422633826394367,0.422633826394367,0.5395127736719268,0.41571246009617596,0.5154278394836697,0.5181818181818182,0.9117236313110192,0.8016724058769514,0.7799368686868687,0.8895291208711338,0.18338068181818182,0.6213068181818182,16,KNN (k=16),knn,2,16,KNN (k=16),knn,2,"Banque_Comert_Turquie_2020_jpg,Banque_Calaman_USA_2020_trie_CM,GMFUNL_jan2023",Banque_Viscaino_Chili_2020,Banque_Viscaino_Chili_2020,"Banque_Calaman_USA_2020_trie_CM,Banque_Comert_Turquie_2020_jpg,GMFUNL_jan2023|Banque_Viscaino_Chili_2020|Banque_Viscaino_Chili_2020"
,otitis_four_class,resnet18,,,,,,,,,,,,,,,logs/otitis_four_class/05a54ea2-b503-4dc9-8e5b-9fff8480ce03,,,,,,logs/otitis_four_class/05a54ea2-b503-4dc9-8e5b-9fff8480ce03,yes,,0.8878973994593069,0.8878973994593069,0.9970052487980235,0.09825105745776055,0.9726233493896984,0.928409090909091,0.9999932178890959,0.9918448691460054,0.7376543209876543,0.9991598799789457,0.252529356060606,0.20483062630997476,baseline_random_forest,Random Forest,random_forest,2,baseline_random_forest,Random Forest,random_forest,2,"Banque_Comert_Turquie_2020_jpg,Banque_Calaman_USA_2020_trie_CM,Banque_Viscaino_Chili_2020",GMFUNL_jan2023,inference,"Banque_Calaman_USA_2020_trie_CM,Banque_Comert_Turquie_2020_jpg,Banque_Viscaino_Chili_2020|GMFUNL_jan2023|inference"
,otitis_four_class_071426,resnet18,,,,,,,,,,,,,,,logs/otitis_four_class_071426/ef514ebc-01c1-44bb-83a9-3e1b5596b9a2,,,,,,logs/otitis_four_class_071426/ef514ebc-01c1-44bb-83a9-3e1b5596b9a2,yes,,0.7063215707561297,0.7063215707561297,0.9522784981876684,0.4666666666666667,0.9127123262023152,0.8784090909090909,0.988955672912177,0.8876101928374656,0.845679012345679,0.970468587499728,0.1215909090909083,0.2431818181818182,baseline_qda,Quadratic Discriminant,qda,2,baseline_qda,Quadratic Discriminant,qda,2,"Banque_Comert_Turquie_2020_jpg,Banque_Calaman_USA_2020_trie_CM,GMFUNL_jan2023",Banque_Viscaino_Chili_2020,inference,"Banque_Calaman_USA_2020_trie_CM,Banque_Comert_Turquie_2020_jpg,GMFUNL_jan2023|Banque_Viscaino_Chili_2020|inference"
,otitis_four_class_071426,resnet18,,,,,,,,,,,,,,,logs/otitis_four_class_071426/fff7cf74-7ce7-4514-b631-f183e34d443e,,,,,,logs/otitis_four_class_071426/fff7cf74-7ce7-4514-b631-f183e34d443e,yes,,0.6957775545781281,0.6957775545781281,0.9972919490078739,0.390199486285854,0.9517430145068508,0.8909090909090909,0.9999961820918964,0.8227272727272726,0.7500000000000002,0.9761715633809613,0.10909090909090913,0.21818181818181817,baseline_decision_tree,Decision Tree,decision_tree,2,baseline_decision_tree,Decision Tree,decision_tree,2,"Banque_Calaman_USA_2020_trie_CM,Banque_Comert_Turquie_2020_jpg,GMFUNL_jan2023",Banque_Viscaino_Chili_2020,inference,"Banque_Calaman_USA_2020_trie_CM,Banque_Comert_Turquie_2020_jpg,GMFUNL_jan2023|Banque_Viscaino_Chili_2020|inference"
,four_classes_220726,resnet18,,,,,,,,,,,,,,,logs/four_classes_220726/f3aa3f96-dcf7-4b69-bbd8-ce2a8aff1245,,,,,,logs/four_classes_220726/f3aa3f96-dcf7-4b69-bbd8-ce2a8aff1245,yes,,0.6732232490941386,0.6732232490941386,0.9405377572155452,0.2961426314973055,0.8857365367805726,0.7704545454545455,0.9978651702795767,0.9432636019283748,0.8148148148148149,0.9855599934583342,0.1185950413223141,0.35708114199849733,11,KNN (k=11),knn,2,11,KNN (k=11),knn,2,"Banque_Calaman_USA_2020_trie_CM,Banque_Comert_Turquie_2020_jpg,GMFUNL_jan2023",Banque_Viscaino_Chili_2020,inference,"Banque_Calaman_USA_2020_trie_CM,Banque_Comert_Turquie_2020_jpg,GMFUNL_jan2023|Banque_Viscaino_Chili_2020|inference"
,four_classes_220726,resnet18,,,,,,,,,,,,,,,logs/four_classes_220726/e3699dae-d28c-4008-bb2d-f600f7ff24df,,,,,,logs/four_classes_220726/e3699dae-d28c-4008-bb2d-f600f7ff24df,yes,,0.6381723297967092,0.6381723297967092,0.9843901065375176,0.2238029765440901,0.9803895887547971,0.9090909090909091,0.9997071826506085,0.912396694214876,0.7794612794612794,0.9989673367292753,0.08915791577798765,0.17919102996157263,baseline_linear_svc,Linear SVC,linear_svc,2,baseline_linear_svc,Linear SVC,linear_svc,2,"Banque_Calaman_USA_2020_trie_CM,Banque_Comert_Turquie_2020_jpg,Banque_Viscaino_Chili_2020,GMFUNL_jan2023,inference",inference,inference,"Banque_Calaman_USA_2020_trie_CM,Banque_Comert_Turquie_2020_jpg,Banque_Viscaino_Chili_2020,GMFUNL_jan2023,inference|inference|inference"
,four_classes_220726,densenet121,,,,,,,,,,,,,,,logs/four_classes_220726/80dba8a9-66fa-4dd3-ab0b-94ba18d96b65,,,,,,logs/four_classes_220726/80dba8a9-66fa-4dd3-ab0b-94ba18d96b65,yes,,0.4877295400702808,0.4877295400702808,0.8541977695564553,0.21074189119119716,0.8476725982426958,0.7575757575757576,0.9849449194734267,0.91900826446281,0.6818181818181819,0.9832318384697096,0.2888458598438264,0.4782379827646027,baseline_ridge,Ridge Classifier,ridge,2,baseline_ridge,Ridge Classifier,ridge,2,"Banque_Calaman_USA_2020_trie_CM,Banque_Comert_Turquie_2020_jpg,Banque_Viscaino_Chili_2020,GMFUNL_jan2023",inference,inference,"Banque_Calaman_USA_2020_trie_CM,Banque_Comert_Turquie_2020_jpg,Banque_Viscaino_Chili_2020,GMFUNL_jan2023|inference|inference"
,four_classes_220817,resnet18,,,,,,,,,,,,,,,logs/four_classes_220817/5b968f60-bff7-4d32-a76c-d078c148c0d7,,,,,,logs/four_classes_220817/5b968f60-bff7-4d32-a76c-d078c148c0d7,yes,,0.5813183589761798,0.5813183589761798,0.8506641363413031,0.13956776390735282,0.8434552307020123,0.8939393939393939,0.9269785266743719,0.768595041322314,0.5538720538720538,0.9233002668439895,0.013142315961511497,0.1899689487429904,protot_gmm_4,Prototype: GMM (n_comp=4),gmm,0,protot_gmm_4,Prototype: GMM (n_comp=4),gmm,0,"Banque_Calaman_USA_2020_trie_CM,Banque_Comert_Turquie_2020_jpg,Banque_Viscaino_Chili_2020,GMFUNL_jan2023,inference",inference,inference,"Banque_Calaman_USA_2020_trie_CM,Banque_Comert_Turquie_2020_jpg,Banque_Viscaino_Chili_2020,GMFUNL_jan2023,inference|inference|inference"
,four_classes_220818,resnet18,,,,,,,,,,,,,,,logs/four_classes_220818/c687bcc8-d5ca-4fa1-8f4b-6829600ffd14,,,,,,logs/four_classes_220818/c687bcc8-d5ca-4fa1-8f4b-6829600ffd14,yes,,0.6897979292329923,0.6897979292329923,0.8911933769783165,0.06262242910851495,0.8875518425628173,0.9180327868852459,0.9898004168148279,0.8049019607843136,0.801,0.9884444094608158,0.17110655737704916,0.21657274590163936,16,KNN (k=16),knn,2,16,KNN (k=16),knn,2,"Banque_Calaman_USA_2020_trie_CM,Banque_Comert_Turquie_2020_jpg,Banque_Viscaino_Chili_2020,GMFUNL_jan2023,inference",inference,inference,"Banque_Calaman_USA_2020_trie_CM,Banque_Comert_Turquie_2020_jpg,Banque_Viscaino_Chili_2020,GMFUNL_jan2023,inference|inference|inference"
